Rk,Player▲,Age,Team,Lg,WAR,G,PA,AB,R,H,2B,3B,HR,RBI,SB,CS,BB,SO,BA,OBP,SLG,OPS,OPS+,rOBA,Rbat+,TB,GIDP,HBP,SH,SF,IBB,Pos,Awards,Player▲-additional
1,CJ Abrams*,24,WSN,NL,3.2,87,386,348,63,97,22,4,13,37,20,2,25,64,.279,.343,.477,.820,133,.372,136,166,3,10,1,2,1,*6/H,,abramcj01
2,Bryan Abreu,28,HOU,AL,0.0,1,0,0,0,0,0,0,0,0,0,0,0,0,,,,,,,,0,0,0,0,0,0,1,,abreubr01
3,Wilyer Abreu*,26,BOS,AL,2.7,87,314,281,43,71,11,0,20,55,5,3,31,76,.253,.325,.505,.830,127,.349,124,142,6,0,0,2,4,*9H/D,,abreuwi02
4,Luisangel Acuña,23,NYM,NL,0.3,73,172,157,24,38,7,0,0,7,12,1,11,32,.242,.294,.287,.581,70,.274,66,45,6,1,2,1,0,4H/658,,acunajo01
5,Ronald Acuña Jr.,27,ATL,NL,2.8,50,215,178,46,57,9,1,13,24,4,0,37,59,.320,.437,.601,1.038,189,.444,187,107,1,0,0,0,2,9/H,AS,acunaro01
6,Willy Adames,29,SFG,NL,1.4,101,429,372,59,86,16,2,15,53,4,2,48,112,.231,.318,.406,.724,108,.319,108,151,6,2,0,6,1,*6/D,,adamewi01
7,Jordyn Adams,25,BAL,AL,0.0,5,1,1,1,0,0,0,0,0,0,0,0,0,.000,.000,.000,.000,-100,.000,-127,0,0,0,0,0,0,/8H,,adamsjo03
8,Riley Adams,29,WSN,NL,0.1,38,126,118,13,20,5,0,5,15,0,0,7,53,.169,.222,.339,.561,59,.254,59,40,4,1,0,0,0,2/H,,adamsri03
9,Jo Adell,26,LAA,AL,0.9,94,347,313,38,75,13,0,21,58,3,0,23,84,.240,.309,.482,.792,115,.343,116,151,2,9,0,1,0,*89/H,,adelljo01
10,Zach Agnos,24,COL,NL,0.0,1,0,0,0,0,0,0,0,0,0,0,0,0,,,,,,,,0,0,0,0,0,0,1,,agnosza01
11,Nick Ahmed,35,TEX,AL,0.1,5,10,9,1,0,0,0,0,0,1,0,1,3,.000,.100,.000,.100,-67,.183,-5,0,1,0,0,0,0,/6,,ahmedni01
12,Keegan Akin*,30,BAL,AL,0.0,1,0,0,0,0,0,0,0,0,0,0,0,0,,,,,,,,0,0,0,0,0,0,1,,akinke01
13,Ozzie Albies#,28,ATL,NL,0.9,100,424,381,42,85,12,1,9,39,8,1,36,67,.223,.295,.331,.626,76,.288,75,126,5,4,0,3,0,*4,,albieoz01
14,Sergio Alcántara#,28,SFG,NL,-0.1,1,4,4,0,0,0,0,0,0,0,0,0,2,.000,.000,.000,.000,-100,.000,-117,0,0,0,0,0,0,/56,,alcanse01
15,Blaze Alexander,26,ARI,NL,0.5,16,42,36,6,9,4,0,0,4,2,0,3,11,.250,.341,.361,.703,97,.353,114,13,1,2,1,0,0,/4H5D,,alexabl01
16,CJ Alexander*,28,ATH,AL,-0.2,6,17,17,0,3,0,0,0,0,0,0,0,8,.176,.176,.176,.353,-1,.158,-17,3,0,0,0,0,0,/35H79,,alexacj01
17,Tyler Alexander,30,CHW,AL,0.0,1,1,1,0,0,0,0,0,0,0,0,0,0,.000,.000,.000,.000,-100,.000,-136,0,0,0,0,0,0,1,,alexaty01
18,Nick Allen,26,ATL,NL,1.1,91,301,266,25,62,8,0,0,18,6,5,24,68,.233,.301,.263,.564,61,.258,58,70,4,3,5,3,0,*6/H,,allenni02
19,Pete Alonso,30,NYM,NL,2.8,102,441,378,53,102,26,1,21,77,1,2,47,102,.270,.365,.511,.876,151,.373,148,193,14,12,0,4,4,*3,AS,alonspe01
20,Jose Altuve,35,HOU,AL,0.6,98,420,378,55,106,17,1,17,53,6,6,36,67,.280,.340,.466,.806,123,.339,119,176,10,1,0,5,4,74D,,altuvjo01
21,Francisco Alvarez,23,NYM,NL,1.2,37,146,129,13,31,4,0,4,13,0,0,15,39,.240,.329,.364,.693,101,.323,111,47,3,2,0,0,0,2,,alvarfr01
22,Nacho Alvarez Jr.,22,ATL,NL,0.1,7,28,26,2,6,1,0,0,0,0,0,1,8,.231,.286,.269,.555,58,.257,56,7,0,1,0,0,0,/5,,alvarna01
23,Yordan Alvarez*,28,HOU,AL,-0.5,29,121,100,7,21,4,0,3,18,1,0,16,21,.210,.306,.340,.646,81,.276,68,34,0,0,0,5,3,D/7,,alvaryo01
24,Adael Amador#,22,COL,NL,-0.8,35,109,95,4,17,6,0,1,7,1,1,11,26,.179,.271,.274,.545,48,.258,48,26,1,1,2,0,0,4/H,,amadoad01
25,Jacob Amaya,26,CHW,AL,-1.2,33,68,62,6,6,1,0,0,7,2,0,2,15,.097,.119,.113,.232,-34,.112,-57,7,1,0,1,3,0,6/H1,,amayaja01
26,Miguel Amaya,26,CHC,NL,1.0,27,100,93,14,26,9,0,4,25,0,0,4,22,.280,.313,.505,.819,133,.367,142,47,0,1,1,1,0,2/DH,,amayami01
27,Tim Anderson,32,LAA,AL,0.0,31,90,83,8,17,3,0,0,3,1,1,3,29,.205,.258,.241,.499,40,.224,31,20,1,3,1,0,0,46/H,,anderti01
28,Miguel Andujar,30,ATH,AL,-0.5,53,209,197,19,56,8,1,3,22,1,0,10,27,.284,.316,.381,.697,93,.305,89,75,5,0,0,2,1,57/9HD3,,andujmi01
29,Roman Anthony*,21,BOS,AL,1.2,36,146,125,20,32,11,0,2,14,2,0,18,39,.256,.363,.392,.755,111,.341,114,49,1,3,0,0,0,9D/7H,,anthoro01
30,Jonathan Aranda*,27,TBR,AL,3.0,95,375,329,48,104,20,0,11,50,0,1,36,91,.316,.395,.477,.872,144,.376,145,157,7,8,0,2,3,*3H/D,AS,arandjo01
31,Orlando Arcia,30,2TM,NL,-1.2,46,129,123,7,22,2,1,2,6,0,0,6,25,.179,.217,.260,.477,30,.220,23,32,3,0,0,0,0,64/35DH,,arciaor01
32,Nolan Arenado,34,STL,NL,1.4,89,367,336,41,82,15,1,10,43,2,0,26,35,.244,.302,.384,.686,92,.308,92,129,6,3,0,2,4,*5/DH,,arenano01
33,Gabriel Arias,25,CLE,AL,0.9,77,281,255,28,59,17,0,6,31,3,3,18,88,.231,.293,.369,.661,82,.287,78,94,5,5,1,2,0,64/5H,,ariasga01
34,Shawn Armstrong,34,TEX,AL,0.0,1,0,0,0,0,0,0,0,0,0,0,0,0,,,,,,,,0,0,0,0,0,0,1,,armstsh01
35,Randy Arozarena,30,SEA,AL,3.7,99,433,368,56,92,23,1,18,49,16,2,45,117,.250,.356,.465,.820,139,.365,143,171,5,17,0,3,2,*7/D,AS,arozara01
36,Luis Arráez*,28,SDP,NL,0.5,95,415,385,41,110,18,4,5,37,5,2,19,12,.286,.320,.392,.713,99,.315,96,151,5,2,6,3,0,*3D/H,,arraelu01
37,Drew Avans*,29,2TM,2LG,-0.4,8,18,17,1,2,0,0,0,1,1,0,0,6,.118,.111,.118,.229,-36,.113,-59,2,0,0,0,1,0,/789H,,avansdr01
38,José Azócar,29,2TM,NL,0.0,14,21,19,5,5,0,0,0,1,1,0,2,1,.263,.333,.263,.596,76,.289,78,5,0,0,0,0,0,/H978D,,azocajo01
39,Akil Baddoo*,26,DET,AL,0.2,7,18,17,0,2,1,0,0,1,1,0,1,5,.118,.167,.176,.343,-4,.171,-17,3,0,0,0,0,0,/798H,,baddoak01
40,Harrison Bader,31,MIN,AL,2.3,89,287,254,29,63,11,0,12,37,8,3,24,74,.248,.328,.433,.761,107,.334,108,110,3,7,0,2,0,*78/H9,,baderha01
41,Ji Hwan Bae*,25,PIT,NL,-0.2,7,12,11,3,1,0,0,0,0,2,0,1,5,.091,.167,.091,.258,-26,.166,-40,1,0,0,0,0,0,/8H7D,,baeji01
42,Javier Báez,32,DET,AL,2.0,82,293,278,43,76,13,1,10,39,3,1,9,67,.273,.307,.435,.742,105,.324,105,121,4,5,0,1,0,685/4H,AS,baezja01
43,Patrick Bailey#,26,SFG,NL,0.6,80,265,236,25,49,12,2,2,27,0,0,20,80,.208,.267,.301,.568,65,.257,63,71,4,1,3,5,0,*2/HD,,bailepa01
44,Bryan Baker,30,BAL,AL,0.0,1,0,0,0,0,0,0,0,0,0,0,0,0,,,,,,,,0,0,0,0,0,0,1,,bakerbr01
45,Luken Baker,28,STL,NL,-0.1,19,41,34,3,8,3,0,0,2,0,0,7,10,.235,.366,.324,.689,97,.319,101,11,3,0,0,0,0,DH/3,,bakerlu01
46,Brooks Baldwin#,24,CHW,AL,-1.0,57,178,162,14,36,8,0,5,23,3,0,9,52,.222,.264,.364,.629,74,.274,65,59,7,1,4,2,0,7H846/95,,baldwbr01
47,Drake Baldwin*,24,ATL,NL,2.3,70,233,210,25,60,8,0,11,39,0,0,21,38,.286,.356,.481,.837,133,.374,139,101,5,2,0,0,0,2H/D,,baldwdr01
48,Moisés Ballesteros*,21,CHC,NL,-0.1,5,18,16,3,3,0,0,0,3,0,0,2,1,.188,.278,.188,.465,39,.223,39,3,1,0,0,0,0,/D,,ballemo01
49,Anthony Banda*,31,LAD,NL,0.0,1,0,0,0,0,0,0,0,0,0,0,0,0,,,,,,,,0,0,0,0,0,0,1,,bandaan01
50,David Bañuelos,28,BAL,AL,0.0,1,2,1,0,0,0,0,0,0,0,0,0,1,.000,.500,.000,.500,61,.359,136,0,0,1,0,0,0,/DH,,banueda01
51,Addison Barger*,25,TOR,AL,1.7,77,284,263,41,72,22,0,14,44,3,1,19,68,.274,.325,.517,.842,129,.355,125,136,3,1,0,0,3,59/H,,bargead01
52,Austin Barnes,35,LAD,NL,-0.3,13,44,42,4,9,3,0,0,2,0,0,1,14,.214,.233,.286,.518,46,.228,34,12,1,0,1,0,0,2/3DH,,barneau01
53,Tucker Barnhart*,34,TEX,AL,0.0,8,15,13,0,3,0,0,0,0,0,0,1,4,.231,.333,.231,.564,69,.272,77,3,2,1,0,0,0,/21,,barnhtu01
54,Jose Barrero,27,STL,NL,-0.1,22,31,29,4,4,1,0,1,3,0,0,1,9,.138,.194,.276,.469,31,.211,24,8,0,1,0,0,0,/H48695,,garcijo02
55,Jorge Barrosa#,24,ARI,NL,-0.1,5,16,15,1,3,2,0,0,4,0,0,0,5,.200,.188,.333,.521,42,.213,23,5,0,0,0,1,0,/87DH,,barrojo01
56,Joey Bart,28,PIT,NL,-0.1,61,226,198,12,46,6,1,1,15,1,0,25,63,.232,.327,.288,.615,73,.291,77,57,11,3,0,0,0,2/HD,,bartjo01
57,Brett Baty*,25,NYM,NL,1.8,80,259,236,27,56,9,2,11,33,5,0,19,63,.237,.295,.432,.727,108,.332,114,102,4,1,0,2,0,54H/D,,batybr01
58,Jake Bauers*,29,MIL,NL,0.1,59,151,127,16,25,5,0,5,18,5,0,23,45,.197,.318,.354,.672,91,.309,89,45,0,0,0,1,1,3H7/1D9,,bauerja01
59,Félix Bautista,30,BAL,AL,0.0,1,0,0,0,0,0,0,0,0,0,0,0,0,,,,,,,,0,0,0,0,0,0,1,,bautife01
60,Jordan Beck,24,COL,NL,0.8,89,359,332,45,90,18,5,11,33,11,6,23,102,.271,.323,.455,.778,107,.345,110,151,7,3,0,1,0,*7/HD,,beckjo01
61,Josh Bell#,32,WSN,NL,0.1,88,344,303,32,68,10,1,13,38,0,2,36,59,.224,.314,.393,.707,102,.312,103,119,9,4,0,1,1,*D/H3,,belljo02
62,Cody Bellinger*,29,NYY,AL,3.1,92,393,358,58,102,20,3,18,57,9,2,29,54,.285,.336,.508,.844,132,.360,129,182,4,1,0,5,1,*789/3H,,bellico01
63,Andrew Benintendi*,30,CHW,AL,0.6,71,289,256,36,61,12,2,11,37,1,0,25,48,.238,.306,.430,.735,104,.322,104,110,4,2,0,5,2,7D/H,,beninan01
64,Will Benson*,27,CIN,NL,0.1,54,175,158,22,35,6,1,8,26,1,2,12,52,.222,.274,.424,.698,87,.296,79,67,4,1,0,4,0,97/H8,,bensowi01
65,Jon Berti,35,CHC,NL,0.2,46,103,96,12,21,2,0,0,2,11,2,5,21,.219,.272,.240,.511,50,.259,54,23,1,2,0,0,0,5H4/19,,bertijo01
66,Mookie Betts,32,LAD,NL,2.2,93,409,365,58,87,14,1,11,45,6,0,38,45,.238,.311,.373,.683,92,.308,91,136,6,2,0,4,2,*6/H,,bettsmo01
67,Bo Bichette,27,TOR,AL,1.7,98,441,413,47,116,29,1,12,57,4,3,23,72,.281,.322,.443,.765,110,.333,111,183,9,3,0,2,2,*6/DH,,bichebo01
68,Cavan Biggio*,30,KCR,AL,-0.2,37,83,69,9,12,2,0,1,4,1,0,11,21,.174,.296,.246,.543,55,.260,55,17,0,1,2,0,0,HD/93745,,biggica01
69,Jake Bird,29,COL,NL,0.0,1,0,0,0,0,0,0,0,0,0,0,0,0,,,,,,,,0,0,0,0,0,0,1,,birdja01
70,Hayden Birdsong,23,SFG,NL,0.0,1,0,0,0,0,0,0,0,0,0,0,0,0,,,,,,,,0,0,0,0,0,0,1,,birdsha01
71,Tyler Black*,24,MIL,NL,0.0,1,1,0,0,0,0,0,0,0,0,0,1,0,,1.000,,,,.697,382,0,0,0,0,0,0,/H,,blackty01
72,Dairon Blanco,32,KCR,AL,0.0,9,8,6,2,1,1,0,0,1,3,2,0,2,.167,.167,.333,.500,35,.316,143,2,0,0,2,0,0,/H78,,blancda02
73,JJ Bleday*,27,ATH,AL,-0.5,62,233,204,30,39,10,0,8,22,1,2,28,57,.191,.288,.358,.645,79,.284,77,73,4,0,0,1,1,8/H7D,,bledajj01
74,Ryan Bliss,25,SEA,AL,-0.2,11,39,35,1,7,1,0,1,3,2,2,4,11,.200,.282,.314,.596,75,.254,76,11,2,0,0,0,0,4,,blissry01
75,Xander Bogaerts,32,SDP,NL,1.8,99,401,351,43,94,22,0,6,35,16,1,43,63,.268,.345,.382,.727,104,.328,100,134,8,1,1,5,3,*6/DH,,bogaexa01
76,Alec Bohm,28,PHI,NL,0.8,92,383,353,39,98,12,2,8,42,2,0,22,62,.278,.324,.391,.715,96,.319,95,138,13,4,0,4,0,*53,,bohmal01
77,Sean Bouchard,29,COL,NL,-1.0,32,73,66,7,11,0,1,1,7,1,1,7,27,.167,.247,.242,.489,33,.235,34,16,2,0,0,0,0,9H/D73,,bouchse01
78,Matt Bowman,34,BAL,AL,0.0,1,0,0,0,0,0,0,0,0,0,0,0,0,,,,,,,,0,0,0,0,0,0,1,,bowmama01
79,Rob Brantly*,35,MIA,NL,0.0,3,7,7,0,3,0,0,0,1,0,0,0,1,.429,.429,.429,.857,140,.373,135,3,0,0,0,0,0,/2,,brantro01
80,John Brebbia*,35,DET,AL,0.0,1,0,0,0,0,0,0,0,0,0,0,0,0,,,,,,,,0,0,0,0,0,0,1,,brebbjo01
81,Alex Bregman,31,BOS,AL,2.7,58,252,223,34,65,18,0,12,38,1,1,22,44,.291,.369,.534,.903,148,.385,150,119,4,6,0,1,1,5/H,AS,bregmal01
82,Will Brennan*,27,CLE,AL,-0.2,6,13,11,0,1,0,0,0,0,0,1,1,1,.091,.231,.091,.322,-5,.131,-10,1,1,1,0,0,0,/98H,,brennwi02
83,Jonah Bride,29,2TM,2LG,-0.7,45,125,112,7,19,2,0,0,5,0,0,11,39,.170,.248,.188,.436,23,.224,28,21,1,1,0,1,1,5H/3D14,,bridejo01
84,Trenton Brooks*,29,SDP,NL,-0.4,23,41,39,5,6,2,0,1,2,0,0,2,13,.154,.195,.282,.477,32,.209,20,11,2,0,0,0,0,HD/7,,brooktr01
85,Seth Brown*,32,ATH,AL,-0.7,38,76,65,6,12,2,0,1,3,1,0,9,23,.185,.303,.262,.564,60,.266,60,17,2,2,0,0,0,H7/89D,,brownse01
86,Vidal Bruján#,27,CHC,NL,-0.4,34,42,40,6,7,3,0,0,3,2,1,1,11,.175,.190,.250,.440,27,.190,16,10,1,0,0,1,0,H5/479D68,,brujavi01
87,Kris Bryant,33,COL,NL,-0.5,11,41,39,2,6,2,0,0,1,0,0,2,13,.154,.195,.205,.400,9,.183,-6,8,1,0,0,0,0,D/H,,bryankr01
88,Jake Burger,29,TEX,AL,0.1,75,286,272,33,62,14,0,11,35,1,1,8,73,.228,.259,.401,.659,88,.283,86,109,2,4,0,2,0,3/DH,,burgeja01
89,Alec Burleson*,26,STL,NL,1.4,90,337,307,33,90,17,0,12,44,4,0,24,44,.293,.343,.466,.809,126,.358,127,143,9,1,1,3,1,93D7/H1,,burleal01
90,Michael Busch*,27,CHC,NL,3.5,95,357,314,47,89,15,3,20,60,4,0,37,84,.283,.370,.541,.911,160,.400,163,170,1,6,0,0,1,*3H/D,,buschmi02
91,Lawrence Butler*,24,ATH,AL,2.0,98,426,385,56,93,24,2,14,41,16,4,41,121,.242,.315,.423,.738,103,.327,103,163,2,0,0,0,0,*9/8H,,butlela01
92,Byron Buxton,31,MIN,AL,4.1,82,353,317,68,92,14,4,23,58,17,0,28,92,.290,.351,.577,.929,150,.406,153,183,0,4,0,4,2,*8/D,AS,buxtoby01
93,José Caballero,28,TBR,AL,1.5,79,254,219,33,49,12,1,2,26,32,8,28,76,.224,.319,.315,.634,80,.307,83,69,1,3,3,1,0,6594/7H8D1,,cabaljo01
94,Oswaldo Cabrera#,26,NYY,AL,0.4,34,122,107,17,26,4,0,1,11,0,1,11,25,.243,.322,.308,.631,78,.303,93,33,1,2,1,1,0,5/H379,,cabreos01
95,Jac Caglianone*,22,KCR,AL,-1.3,39,155,144,9,22,5,0,5,10,1,0,8,33,.153,.213,.292,.505,40,.225,32,42,3,3,0,0,0,9/3D,,caglija01
96,Alex Call,30,WSN,NL,1.1,68,221,182,28,50,9,2,2,21,1,0,25,32,.275,.375,.379,.754,118,.344,123,69,5,6,5,3,0,97H/D8,,callal02
97,Tyler Callihan*,25,CIN,NL,-0.2,4,6,6,0,1,0,0,0,1,0,0,0,1,.167,.167,.167,.333,-9,.151,-26,1,0,0,0,0,0,/74,,callity01
98,Daz Cameron,28,MIL,NL,-0.5,21,42,41,7,8,1,0,1,3,1,0,1,13,.195,.214,.293,.507,42,.230,35,12,1,0,0,0,0,9H/7,,camerda01
99,Junior Caminero,21,TBR,AL,2.0,96,406,377,58,98,20,0,25,65,5,1,23,82,.260,.300,.512,.812,123,.354,127,193,26,1,0,5,1,*5/DH3,AS,caminju01
100,Kristian Campbell,23,BOS,AL,-0.9,67,263,229,24,51,10,0,6,21,2,1,29,72,.223,.319,.345,.664,86,.301,87,79,1,4,0,1,0,4/8H7D,,campbkr01
101,Gustavo Campero#,27,LAA,AL,0.0,18,37,32,3,4,0,0,1,1,1,0,4,7,.125,.243,.219,.462,30,.225,26,7,1,1,0,0,0,9/7H8,,campegu01
102,Luis Campusano,26,SDP,NL,-0.4,10,27,21,0,0,0,0,0,0,0,0,6,11,.000,.222,.000,.222,-30,.155,-18,0,2,0,0,0,0,/DH,,campulu01
103,Alexander Canario,25,PIT,NL,0.2,55,169,154,18,33,5,1,3,13,2,1,15,56,.214,.284,.318,.602,67,.282,71,49,3,0,0,0,0,798/H,,canaral01
104,Jeimer Candelario#,31,CIN,NL,-0.9,22,91,80,3,9,2,0,2,10,0,1,9,29,.113,.198,.213,.410,12,.185,1,17,1,0,0,2,0,5/3D,,candeje01
105,Mark Canha,36,KCR,AL,-1.0,46,125,113,9,24,3,0,1,6,0,1,7,24,.212,.272,.265,.537,52,.238,45,30,1,3,0,2,0,7H9/D3,,canhama01
106,Yennier Cano,31,BAL,AL,0.0,1,0,0,0,0,0,0,0,0,0,0,0,0,,,,,,,,0,0,0,0,0,0,1,,canoye01
107,Dominic Canzone*,27,SEA,AL,0.9,34,110,105,12,32,6,0,6,12,1,1,4,22,.305,.336,.533,.870,150,.367,150,56,2,1,0,0,0,9/H,,canzodo01
108,Vinny Capra,28,2TM,2LG,-0.4,47,105,96,10,12,2,0,1,6,2,0,3,25,.125,.157,.177,.334,-6,.174,-9,17,5,1,3,2,0,56H/41D,,capravi01
109,Victor Caratini#,31,HOU,AL,0.9,71,257,232,26,63,10,0,10,36,1,0,13,43,.272,.323,.444,.767,112,.331,109,103,7,7,0,5,0,2DH/3,,caratvi01
110,Dylan Carlson#,26,BAL,AL,-0.2,41,118,111,10,26,4,0,4,12,2,2,6,31,.234,.271,.378,.650,83,.284,83,42,2,0,0,1,0,79/H8,,carlsdy01
111,Kerry Carpenter*,27,DET,AL,0.8,78,280,265,40,68,11,2,16,32,1,1,7,60,.257,.285,.494,.780,112,.333,112,131,2,4,0,1,0,9D7H,,carpeke01
112,Corbin Carroll*,24,ARI,NL,3.2,85,384,344,66,86,17,13,21,49,13,4,32,98,.250,.326,.558,.884,141,.377,137,192,3,7,0,1,1,*9/H8D,AS,carroco02
113,Evan Carter*,22,TEX,AL,1.5,46,162,143,24,36,7,1,4,18,12,2,16,30,.252,.340,.399,.738,114,.340,118,57,1,3,0,0,1,8/HD,,carteev01
114,Triston Casas*,25,BOS,AL,-1.0,29,112,99,5,18,3,0,3,11,0,0,11,27,.182,.277,.303,.580,62,.264,60,30,3,2,0,0,2,3/H,,casastr01
115,Nick Castellanos,33,PHI,NL,-0.4,100,411,382,44,103,22,1,12,54,4,0,22,83,.270,.311,.427,.738,101,.329,101,163,8,3,0,4,0,*9/D,,casteni01
116,Willi Castro#,28,MIN,AL,0.7,79,315,276,45,71,14,2,10,27,8,3,31,78,.257,.347,.431,.778,113,.341,113,119,6,7,1,0,1,4795/618H,,castrwi01
117,Andrés Chaparro,26,WSN,NL,-0.1,4,12,11,0,1,1,0,0,0,0,0,1,3,.091,.167,.182,.348,0,.163,-7,2,0,0,0,0,0,/D3H,,chapaan01
118,Matt Chapman,32,SFG,NL,3.0,78,328,282,45,68,14,1,13,36,7,2,43,79,.241,.348,.436,.784,126,.346,125,123,5,3,0,0,0,*5,,chapmma01
119,Tsung-Che Cheng*,23,PIT,NL,0.0,3,7,7,0,0,0,0,0,0,0,1,0,3,.000,.000,.000,.000,-100,.058,-38,0,0,0,0,0,0,/64,,chengts01
120,Jazz Chisholm Jr.*,27,NYY,AL,3.0,70,292,251,41,63,11,0,18,48,10,4,34,76,.251,.347,.510,.857,136,.373,140,128,3,4,1,2,0,45/H,AS,chishja01
121,Angel Chivilli,22,COL,NL,0.0,1,0,0,0,0,0,0,0,0,0,0,0,0,,,,,,,,0,0,0,0,0,0,1,,chivian01
122,Jackson Chourio,21,MIL,NL,1.7,100,446,422,67,113,26,3,16,64,17,7,19,90,.268,.300,.457,.758,111,.334,112,193,10,2,0,3,0,*879/D,,chourja01
123,Denzel Clarke,25,ATH,AL,1.0,47,159,148,18,34,8,2,3,8,6,0,6,61,.230,.274,.372,.646,78,.286,69,55,1,3,2,0,0,8/H,,clarkde02
124,Taylor Clarke,32,KCR,AL,0.0,2,0,0,0,0,0,0,0,0,0,0,0,0,,,,,,,,0,0,0,0,0,0,1,,clarkta01
125,Emmanuel Clase,27,CLE,AL,0.0,1,0,0,0,0,0,0,0,0,0,0,0,0,,,,,,,,0,0,0,0,0,0,1,,claseem01
126,Jonatan Clase#,23,TOR,AL,-0.1,34,112,100,10,21,3,0,2,9,3,1,10,28,.210,.288,.300,.588,64,.265,58,30,1,1,1,0,0,7/8H9D,,clasejo01
127,Kody Clemens*,29,2TM,2LG,1.0,65,184,163,25,36,6,3,12,31,0,1,14,45,.221,.295,.515,.810,117,.338,113,84,2,4,1,2,0,43H/978D,,clemeko01
128,Ernie Clement,29,TOR,AL,2.2,99,364,334,46,93,20,0,4,26,3,3,20,35,.278,.318,.374,.692,92,.299,86,125,9,1,5,4,1,5463/H,,clemeer01
129,Isaac Collins#,27,MIL,NL,1.9,81,250,212,34,56,8,1,6,27,11,3,32,58,.264,.367,.396,.763,117,.353,124,84,3,3,2,1,0,*7H/9D45,,colliis01
130,Michael Conforto*,32,LAD,NL,-0.7,88,319,274,37,51,13,0,8,23,1,0,36,74,.186,.298,.321,.619,75,.284,75,88,10,8,0,1,0,*7/H,,confomi01
131,Griffin Conine*,27,MIA,NL,0.2,20,71,64,10,18,7,0,1,7,0,1,7,19,.281,.352,.438,.790,118,.354,127,28,0,0,0,0,0,7/9DH,,coningr01
132,William Contreras,27,MIL,NL,2.0,95,413,351,50,85,18,0,6,40,5,2,57,78,.242,.346,.345,.691,97,.318,101,121,6,1,0,4,4,*2D/7,,contrwi02
133,Willson Contreras,33,STL,NL,1.8,96,405,356,49,92,25,0,13,57,4,0,32,101,.258,.342,.438,.780,119,.343,117,156,9,14,1,2,1,*3D,,contrwi01
134,Billy Cook,26,PIT,NL,0.0,3,6,6,1,2,0,0,0,0,0,0,0,1,.333,.333,.333,.667,86,.301,84,2,0,0,0,0,0,/9H38,,cookbi01
135,Kenedy Corona,25,HOU,AL,0.0,3,4,2,0,0,0,0,0,0,0,0,2,1,.000,.500,.000,.500,59,.343,120,0,0,0,0,0,0,/8H,,coronke01
136,Carlos Correa,30,MIN,AL,0.1,88,345,319,40,85,19,0,7,31,0,0,25,65,.266,.319,.392,.711,95,.309,90,125,11,0,0,1,0,*6/H,,correca01
137,Colton Cowser*,25,BAL,AL,1.2,42,167,155,15,35,7,0,8,18,5,0,7,50,.226,.281,.426,.707,98,.313,96,66,1,5,0,0,0,78/9D,,cowseco01
138,J.P. Crawford*,30,SEA,AL,3.5,98,431,366,45,103,16,0,7,38,5,1,56,76,.281,.380,.383,.763,126,.341,129,140,5,3,5,1,1,*6/H,,crawfjp01
139,Dylan Crews,23,WSN,NL,0.5,45,173,158,24,31,2,1,7,15,11,3,11,48,.196,.266,.354,.620,77,.286,77,56,0,4,0,0,0,98,,crewsdy01
140,Blaine Crim,28,TEX,AL,-0.2,5,13,11,1,0,0,0,0,0,0,0,1,6,.000,.154,.000,.154,-49,.108,-43,0,0,1,0,0,0,/3DH,,crimbl01
141,Jake Cronenworth*,31,SDP,NL,1.2,76,291,243,31,59,13,1,8,31,2,1,37,59,.243,.349,.403,.753,110,.341,115,98,2,5,2,4,0,4/3HD,,croneja01
142,Pete Crow-Armstrong*,23,CHC,NL,5.8,99,417,389,68,105,25,4,26,73,28,5,18,97,.270,.305,.555,.860,143,.378,143,216,1,3,4,3,0,*8,AS,crowape01
143,Oneil Cruz*,26,PIT,NL,1.1,90,381,326,50,70,14,2,16,39,31,4,48,123,.215,.318,.417,.735,102,.338,101,136,5,3,0,4,4,*8/HD,,cruzon01
144,Travis d'Arnaud,36,LAA,AL,0.3,45,155,145,13,34,9,0,6,17,0,0,7,50,.234,.277,.421,.698,90,.299,85,61,4,2,0,1,0,2/HD,,darnatr01
145,Bobby Dalbec,30,CHW,AL,0.0,7,21,18,2,4,1,0,0,1,0,0,3,6,.222,.333,.278,.611,75,.280,74,5,1,0,0,0,0,/36H5,,dalbebo01
146,Logan Davidson#,27,ATH,AL,-0.3,9,24,20,1,3,1,0,0,2,0,0,3,12,.150,.261,.200,.461,32,.217,23,4,1,0,1,0,0,/35H4,,davidlo01
147,Henry Davis,25,PIT,NL,0.5,50,160,143,17,26,5,0,4,12,0,1,12,38,.182,.248,.301,.549,52,.255,53,43,0,1,1,1,0,2/H,,davishe01
148,J.D. Davis,32,LAA,AL,-0.3,5,9,9,0,1,0,0,0,0,0,0,0,3,.111,.111,.111,.222,-38,.099,-62,1,0,0,0,0,0,/3H5,,davisjd01
149,Bryan De La Cruz,28,ATL,NL,-0.3,16,50,47,1,9,1,0,0,0,1,0,3,18,.191,.240,.213,.453,29,.233,35,10,1,0,0,0,0,7/H9D,,delacbr01
150,Elly De La Cruz#,23,CIN,NL,3.5,102,437,387,76,108,19,3,18,65,26,6,47,106,.279,.359,.483,.842,127,.371,125,187,8,2,0,1,8,*6/DH,AS,delacel01
151,Yerry De los Santos,27,NYY,AL,0.0,1,0,0,0,0,0,0,0,0,0,0,0,0,,,,,,,,0,0,0,0,0,0,1,,delosye01
152,Paul DeJong,31,WSN,NL,0.1,23,84,79,6,18,6,0,1,7,2,0,4,29,.228,.274,.342,.616,76,.280,73,27,1,1,0,0,0,5/6D,,dejonpa01
153,Adrian Del Castillo*,25,ARI,NL,0.1,3,12,12,2,5,1,0,0,2,0,0,0,3,.417,.417,.500,.917,155,.398,154,6,1,0,0,0,0,/D,,delcaad01
154,Jonny DeLuca,26,TBR,AL,0.4,9,25,23,4,10,0,1,0,1,4,0,2,4,.435,.480,.522,1.002,182,.463,180,12,0,0,0,0,0,/8DH,,delucjo01
155,Rafael Devers*,28,2TM,2LG,2.2,103,465,382,59,99,25,0,17,69,1,1,74,116,.259,.383,.458,.841,136,.365,137,175,10,5,0,4,8,*D/3,,deverra01
156,Zach Dezenzo,25,HOU,AL,0.1,34,109,98,17,24,6,0,2,10,1,0,11,37,.245,.321,.367,.688,93,.314,96,36,2,0,0,0,0,79/D3H,,dezenza01
157,Edwin Díaz,31,NYM,NL,0.0,1,0,0,0,0,0,0,0,0,0,0,0,0,,,,,,,,0,0,0,0,0,0,1,AS,diazed04
158,Elias Díaz,34,SDP,NL,-0.4,79,214,192,23,38,6,0,5,16,0,0,18,55,.198,.270,.307,.577,62,.261,57,59,7,1,3,0,0,*2H,,diazel01
159,Yainer Diaz,26,HOU,AL,0.9,88,359,340,34,82,11,1,13,39,1,1,14,64,.241,.273,.394,.667,84,.294,84,134,7,2,0,3,1,*2D/H,,diazya02
160,Yandy Díaz,33,TBR,AL,1.7,96,427,386,49,112,19,1,16,58,3,0,34,58,.290,.349,.469,.818,127,.349,123,181,10,3,0,4,3,*D3,,diazya01
161,Dillon Dingler,26,DET,AL,2.0,75,276,258,26,69,12,1,8,36,0,0,10,65,.267,.312,.415,.726,101,.319,101,107,3,7,0,1,0,*2/H,,dingldi01
162,Jasson Domínguez#,22,NYY,AL,0.6,83,322,284,43,72,15,1,8,34,14,2,33,93,.254,.329,.398,.727,103,.330,104,113,4,1,0,4,0,*7D/H,,dominja01
163,Seranthony Domínguez,30,BAL,AL,0.0,2,0,0,0,0,0,0,0,0,0,0,0,0,,,,,,,,0,0,0,0,0,0,1,,dominse01
164,Brendan Donovan*,28,STL,NL,2.7,94,410,363,52,107,24,0,8,39,3,1,35,55,.295,.364,.427,.791,123,.347,121,155,4,7,1,4,3,*47/6DH,AS,donovbr01
165,Brenton Doyle,27,COL,NL,-1.7,86,344,320,35,69,12,2,7,31,10,1,22,89,.216,.265,.331,.596,60,.273,54,106,8,0,0,2,0,*8/HD,,doylebr02
166,Mauricio Dubón,30,HOU,AL,1.8,77,235,218,27,57,14,0,6,20,2,0,14,24,.261,.305,.408,.713,97,.308,92,89,8,0,2,1,0,4765/H839,,dubonma01
167,Blake Dunn,26,CIN,NL,-0.1,30,75,60,10,9,2,0,1,7,1,1,8,25,.150,.320,.233,.553,54,.270,61,14,1,7,0,0,0,97/8HD,,dunnbl01
168,Oliver Dunn*,27,MIL,NL,-0.2,14,41,36,4,6,2,0,0,6,1,0,2,11,.167,.205,.222,.427,21,.197,6,8,0,0,2,1,0,5/3H,,dunnol01
169,Ezequiel Durán,26,TEX,AL,-0.3,40,93,83,4,12,6,0,0,5,4,0,4,31,.145,.217,.217,.434,27,.208,22,18,2,4,1,1,0,6/35H17D4,,duranez01
170,Jarren Duran*,28,BOS,AL,2.4,101,453,409,54,105,25,10,9,51,16,5,34,108,.257,.323,.433,.756,108,.342,115,177,3,7,1,2,0,*78/H9D,,duranja01
171,Jhoan Durán,27,MIN,AL,0.0,3,0,0,0,0,0,0,0,0,0,0,0,0,,,,,,,,0,0,0,0,0,0,1,,duranjh01
172,Caleb Durbin,25,MIL,NL,2.1,78,288,249,35,65,14,0,5,35,9,4,20,27,.261,.346,.378,.724,106,.333,112,94,3,14,2,3,0,*5/4H,,durbica01
173,Nate Eaton,28,BOS,AL,-0.2,14,27,24,5,6,2,0,0,1,3,1,1,10,.250,.296,.333,.630,76,.312,89,8,0,1,0,1,0,/57H18,,eatonna01
174,Tommy Edman#,30,LAD,NL,1.1,79,305,278,41,62,13,1,11,40,3,1,17,53,.223,.276,.396,.672,87,.310,94,110,4,5,1,4,0,48/5H,,edmanto01
175,Xavier Edwards#,25,MIA,NL,2.1,84,379,340,44,100,16,2,1,26,17,6,33,53,.294,.356,.362,.718,101,.325,100,123,3,1,3,2,2,46/DH,,edwarxa01
176,Tim Elko,26,CHW,AL,-0.3,20,67,62,6,9,1,0,4,8,1,0,5,28,.145,.209,.355,.564,55,.260,57,22,1,0,0,0,0,3/D,,elkoti01
177,Christian Encarnacion-Strand,25,CIN,NL,-0.7,36,137,130,13,27,4,0,6,19,0,2,3,32,.208,.234,.377,.610,63,.255,52,49,1,2,0,2,0,3/5,,encarch01
178,Jerar Encarnación,27,SFG,NL,-0.2,8,22,22,1,3,1,0,0,0,1,0,0,6,.136,.136,.182,.318,-9,.146,-23,4,2,0,0,0,0,/9H37,,encarje01
179,Tristin English,28,ARI,NL,0.0,1,4,4,0,0,0,0,0,1,0,0,0,2,.000,.000,.000,.000,-100,.000,-128,0,0,0,0,0,0,/3,,englitr01
180,Lucas Erceg*,30,KCR,AL,0.0,1,0,0,0,0,0,0,0,0,0,0,0,0,,,,,,,,0,0,0,0,0,0,1,,erceglu01
181,J.C. Escarra*,30,NYY,AL,0.2,38,94,80,5,17,5,0,2,10,1,0,11,14,.213,.309,.350,.659,84,.305,89,28,1,1,0,2,0,2/3H5D,,escarjc01
182,Santiago Espinal,30,CIN,NL,-0.8,88,280,260,22,64,12,0,0,14,2,1,17,31,.246,.295,.292,.587,61,.262,52,76,10,1,2,0,0,54/7H96,,espinsa01
183,Carlos Estévez,32,KCR,AL,0.0,3,0,0,0,0,0,0,0,0,0,0,0,0,,,,,,,,0,0,0,0,0,0,1,AS,estevca01
184,Thairo Estrada,29,COL,NL,-0.1,29,125,116,11,33,7,0,2,18,1,3,4,16,.284,.312,.397,.709,90,.310,92,46,4,2,0,3,0,4,,estrath01
185,Stuart Fairchild,29,ATL,NL,-0.3,28,55,51,7,11,4,1,0,2,2,1,4,15,.216,.273,.333,.606,70,.282,74,17,2,0,0,0,0,9H/D78,,faircst01
186,Kyle Farmer,34,COL,NL,-0.9,69,223,209,12,45,14,0,4,20,0,1,10,49,.215,.260,.340,.600,61,.266,55,71,7,3,0,1,0,4D63/H5,,farmeky01
187,Hunter Feduccia*,28,LAD,NL,0.0,2,3,2,0,0,0,0,0,0,0,0,1,1,.000,.333,.000,.333,5,.232,38,0,0,0,0,0,0,/H3,,feduchu01
188,Freddy Fermin,30,KCR,AL,1.3,61,189,174,15,46,7,0,2,8,0,2,12,34,.264,.319,.339,.658,85,.288,83,59,2,2,1,0,1,2/HD4,,fermifr01
189,José Fermín,26,STL,NL,0.4,11,21,19,2,7,2,0,1,2,1,0,2,2,.368,.429,.632,1.060,195,.462,195,12,0,0,0,0,0,/745H9D,,fermijo01
190,Yanquiel Fernández*,22,COL,NL,-0.5,13,39,38,4,9,2,0,0,2,0,0,1,10,.237,.256,.289,.546,47,.242,36,11,0,0,0,0,0,/9DH7,,fernaya01
191,Ryan Fitzgerald*,31,MIN,AL,-0.1,2,3,3,1,0,0,0,0,0,0,0,0,0,.000,.000,.000,.000,-100,.000,-139,0,0,0,0,0,0,/4H,,fitzgry01
192,Tyler Fitzgerald,27,SFG,NL,1.1,63,222,198,18,45,10,1,3,13,9,4,15,62,.227,.287,.333,.620,80,.284,82,66,3,2,6,1,0,4/H,,fitzgty01
193,Wilmer Flores,33,SFG,NL,0.5,91,359,322,35,79,9,0,12,59,1,0,29,64,.245,.318,.385,.703,103,.324,110,124,14,6,0,2,0,D3/H5,,florewi01
194,Nick Fortes,28,MIA,NL,0.5,55,133,121,11,30,5,1,2,10,0,0,7,20,.248,.298,.355,.653,81,.287,74,43,4,2,2,1,0,2/HD,,forteni01
195,Justin Foscue,26,TEX,AL,-0.1,4,9,9,0,1,1,0,0,2,0,0,0,3,.111,.111,.222,.333,-6,.138,-22,2,0,0,0,0,0,/3DH,,foscuju01
196,Jake Fraley*,30,CIN,NL,0.9,53,158,136,25,34,7,0,5,20,4,2,21,29,.250,.354,.412,.766,108,.348,114,56,0,1,0,0,0,9H/D,,fraleja01
197,Ty France,30,MIN,AL,0.5,95,367,333,41,83,18,0,6,43,1,0,17,58,.249,.316,.357,.673,85,.308,89,119,8,16,0,1,0,*3/H,,francty01
198,Adam Frazier*,33,2TM,2LG,0.5,81,268,240,22,62,12,0,3,23,7,5,18,45,.258,.322,.346,.668,86,.298,85,83,8,6,1,3,2,47H/9,,fraziad01
199,Cody Freeman,24,TEX,AL,0.0,3,5,5,2,1,1,0,0,1,0,0,0,1,.200,.200,.400,.600,69,.249,61,2,0,0,0,0,0,/D5H,,freemco01
200,Freddie Freeman*,35,LAD,NL,1.7,89,375,331,48,97,27,1,10,49,1,1,37,85,.293,.368,.471,.839,135,.366,135,156,8,4,0,3,5,*3/H,AS,freemfr01
201,Tyler Freeman,26,COL,NL,-0.1,57,202,174,25,55,14,1,1,15,12,4,19,18,.316,.396,.425,.821,122,.373,126,74,6,6,0,3,0,9D/H45,,freemty01
202,Sal Frelick*,25,MIL,NL,2.2,93,385,344,46,101,11,3,7,39,17,4,26,49,.294,.354,.404,.758,115,.340,113,139,1,7,3,2,0,*98/35H,,frelisa01
203,TJ Friedl*,29,CIN,NL,2.2,98,435,370,58,99,15,2,9,33,10,3,47,68,.268,.364,.392,.756,106,.349,112,145,5,11,4,3,0,*8/HD,,friedtj01
204,David Fry,29,CLE,AL,-0.5,34,84,78,7,13,2,0,4,11,1,0,5,32,.167,.226,.346,.572,56,.250,47,27,1,1,0,0,0,DH,,fryda01
205,Braxton Fulford,26,COL,NL,-0.1,14,42,40,4,10,2,1,1,11,1,0,1,18,.250,.262,.425,.687,82,.298,72,17,0,0,0,1,0,2/H,,fulfobr01
206,Adolis García,32,TEX,AL,2.2,97,392,361,37,83,20,0,14,57,10,3,20,100,.230,.273,.402,.675,93,.295,92,145,5,4,0,7,0,*9/DH,,garciad02
207,Aramis Garcia,32,ARI,NL,-0.1,2,4,4,0,0,0,0,0,0,0,0,0,3,.000,.000,.000,.000,-100,.000,-128,0,0,0,0,0,0,/2,,garciar01
208,Luis García Jr.*,25,WSN,NL,0.0,89,343,315,42,82,20,0,7,43,9,5,20,50,.260,.303,.390,.694,98,.310,99,123,4,2,0,6,0,*4/HD,,garcilu04
209,Maikel Garcia,25,KCR,AL,2.6,100,409,371,43,108,26,3,8,41,18,9,32,54,.291,.346,.442,.788,119,.340,118,164,9,1,2,3,0,*54/68DH9,AS,garcima01
210,Robert Garcia,29,TEX,AL,0.0,1,0,0,0,0,0,0,0,0,0,0,0,0,,,,,,,,0,0,0,0,0,0,1,,garciro04
211,Yimi García,34,TOR,AL,0.0,1,0,0,0,0,0,0,0,0,0,0,0,0,,,,,,,,0,0,0,0,0,0,1,,garciyi01
212,Mitch Garver,34,SEA,AL,0.6,54,179,158,17,36,4,0,6,22,3,0,19,57,.228,.318,.367,.686,101,.308,103,58,4,2,0,0,0,2DH,,garvemi01
213,Mickey Gasper#,29,MIN,AL,-0.1,17,39,34,5,6,1,0,0,3,0,0,4,9,.176,.282,.206,.488,38,.253,49,7,0,1,0,0,0,/DH3427,,gaspemi01
214,Zack Gelof,25,ATH,AL,-0.1,8,28,25,3,2,0,0,0,1,0,0,2,13,.080,.143,.080,.223,-35,.138,-32,2,0,0,0,1,0,/4,,gelofza01
215,Andrés Giménez*,26,TOR,AL,1.1,61,238,211,26,46,7,0,5,23,10,1,16,39,.218,.300,.322,.622,73,.295,76,68,3,9,1,1,0,4/H6,,gimenan01
216,Paul Goldschmidt,37,NYY,AL,1.7,95,381,347,57,100,23,1,8,37,5,1,29,66,.288,.346,.429,.775,116,.340,116,149,7,2,0,1,5,*3H/D8,,goldspa01
217,Nick Gonzales,26,PIT,NL,0.2,40,166,151,16,40,7,2,4,15,0,1,14,26,.265,.325,.417,.743,105,.322,101,63,4,0,0,1,0,4/6,,gonzani01
218,Oscar González,27,SDP,NL,-0.5,21,61,59,2,13,1,0,0,4,0,1,2,13,.220,.246,.237,.483,36,.210,27,14,1,0,0,0,0,7/9HD,,gonzaos01
219,Romy González,28,BOS,AL,0.9,48,167,154,26,46,15,3,5,28,4,2,9,42,.299,.335,.532,.868,137,.383,148,82,1,1,0,3,1,34H/5D,,gonzaro01
220,Hunter Goodman,25,COL,NL,1.8,89,363,339,48,94,18,4,18,56,1,2,20,100,.277,.322,.513,.836,121,.360,122,174,12,3,0,1,0,2D/H,AS,goodmhu01
221,Nolan Gorman*,25,STL,NL,0.2,66,226,196,31,43,8,1,9,29,1,1,27,68,.219,.310,.408,.718,101,.316,100,80,1,0,0,3,1,4D5/H3,,gormano01
222,Matt Gorski,27,PIT,NL,-0.3,15,42,41,2,8,0,1,2,4,0,1,1,16,.195,.214,.390,.605,63,.242,51,16,1,0,0,0,0,3/H87,,gorskma01
223,Riley Greene*,24,DET,AL,2.6,100,418,387,54,107,21,1,25,79,1,1,27,135,.276,.325,.530,.855,134,.364,135,205,8,2,0,2,1,*7D8/H9,AS,greenri03
224,Randal Grichuk,33,ARI,NL,-0.1,68,182,169,25,42,15,1,7,22,0,1,10,38,.249,.286,.473,.759,107,.328,107,80,4,0,0,3,1,DH9/78,,grichra01
225,Trent Grisham*,28,NYY,AL,2.8,84,327,282,47,72,9,1,17,38,0,1,44,72,.255,.358,.475,.833,131,.378,146,134,4,1,0,0,0,*8/H,,grishtr01
226,Vladimir Guerrero Jr.,26,TOR,AL,3.0,99,435,367,62,104,19,0,13,48,5,2,60,60,.283,.391,.441,.832,131,.363,132,162,9,6,0,2,7,*3D/H,AS,guerrvl02
227,Luis Guillorme*,30,HOU,AL,-0.2,12,21,20,2,3,0,0,0,0,0,0,1,8,.150,.190,.150,.340,-3,.160,-15,3,2,0,0,0,0,/45H,,guilllu01
228,Lourdes Gurriel Jr.,31,ARI,NL,0.0,94,403,369,35,91,20,2,12,48,7,2,24,55,.247,.295,.409,.704,94,.313,93,151,7,4,0,6,0,*7/DH,,gurrilo01
229,Yuli Gurriel,41,SDP,NL,-0.5,16,40,36,2,4,1,0,0,3,0,0,4,8,.111,.200,.139,.339,-3,.169,-8,5,0,0,0,0,0,D/H3,,gourryu01
230,Eric Haase,32,MIL,NL,0.2,28,72,66,9,15,3,0,2,9,0,0,4,29,.227,.282,.364,.645,82,.283,76,24,1,1,1,0,0,2/DH,,haaseer01
231,Josh Hader*,31,HOU,AL,0.0,1,0,0,0,0,0,0,0,0,0,0,0,0,,,,,,,,0,0,0,0,0,0,1,AS,haderjo01
232,Sam Haggerty#,31,TEX,AL,0.8,47,144,128,25,32,4,3,2,11,9,2,14,25,.250,.329,.375,.704,105,.346,125,48,0,1,1,0,1,H87/D94,,haggesa01
233,Seth Halvorsen,25,COL,NL,0.0,1,0,0,0,0,0,0,0,0,0,0,0,0,,,,,,,,0,0,0,0,0,0,1,,halvose01
234,David Hamilton*,27,BOS,AL,0.3,62,133,123,16,22,3,0,3,12,15,3,7,31,.179,.229,.276,.505,40,.240,30,34,2,1,2,0,0,4H/65D,,hamilda03
235,Garrett Hampson,30,3TM,NL,-0.1,41,80,67,12,11,2,0,0,1,3,1,11,24,.164,.282,.194,.476,36,.231,32,13,1,0,2,0,0,4/789H651D,,hampsga01
236,Emerson Hancock,26,SEA,AL,0.0,1,0,0,0,0,0,0,0,0,0,0,0,0,,,,,,,,0,0,0,0,0,0,1,,hancoem01
237,Maverick Handley,27,BAL,AL,-0.8,16,47,41,2,3,0,0,0,3,0,0,2,18,.073,.133,.073,.207,-39,.104,-59,3,0,1,2,1,0,2/H,,handlma01
238,Ian Happ#,30,CHC,NL,1.5,91,422,367,55,83,16,0,13,48,4,2,51,94,.226,.320,.376,.696,101,.314,104,138,5,1,0,3,0,*7/D,,happia01
239,Bryce Harper*,32,PHI,NL,2.5,73,323,272,44,74,22,0,13,41,9,0,45,66,.272,.381,.496,.877,140,.389,141,135,3,4,0,2,2,*3/D,,harpebr03
240,Dustin Harris*,25,TEX,AL,0.3,16,38,35,4,7,2,0,1,1,1,1,3,11,.200,.263,.343,.606,75,.261,74,12,1,0,0,0,0,/78H9D,,harridu01
241,Michael Harris II*,24,ATL,NL,0.3,98,388,366,23,78,13,3,7,46,12,3,11,81,.213,.237,.322,.559,56,.247,46,118,6,2,4,5,1,*8/H,,harrimi04
242,Robert Hassell III*,23,WSN,NL,-0.1,21,79,78,6,17,1,0,1,8,1,0,1,21,.218,.228,.269,.497,42,.234,43,21,1,0,0,0,0,8/9H,,hassero02
243,Ke'Bryan Hayes,28,PIT,NL,1.4,94,369,346,33,84,10,2,2,34,10,2,18,77,.243,.288,.301,.589,64,.274,62,104,7,4,1,0,1,*5/H,,hayeske01
244,Austin Hays,29,CIN,NL,1.3,52,214,194,35,54,9,4,10,40,2,0,16,53,.278,.332,.521,.852,128,.362,122,101,5,1,0,3,1,D7/H,,haysau01
245,Austin Hedges,32,CLE,AL,-0.4,39,106,91,8,11,1,0,3,5,1,0,11,32,.121,.221,.231,.452,26,.212,18,21,1,1,2,1,0,2/1,,hedgeau01
246,Jonah Heim#,30,TEX,AL,0.2,80,287,267,22,58,10,0,8,28,3,0,15,66,.217,.259,.345,.603,74,.278,79,92,6,1,1,3,0,2D/H,,heimjo01
247,Tyler Heineman#,34,TOR,AL,1.4,35,98,85,19,29,6,0,3,16,2,0,6,19,.341,.396,.518,.913,151,.391,149,44,1,3,2,2,0,2/H1,,heinety01
248,Michael Helman,29,TEX,AL,0.2,6,10,7,3,1,0,0,1,4,1,0,2,0,.143,.333,.571,.905,157,.406,162,4,0,0,1,0,0,/8H6,,helmami01
249,Ryan Helsley,30,STL,NL,0.0,1,0,0,0,0,0,0,0,0,0,0,0,0,,,,,,,,0,0,0,0,0,0,1,,helslry01
250,Gunnar Henderson*,24,BAL,AL,2.9,93,391,353,51,98,22,4,11,35,13,3,35,91,.278,.345,.456,.801,126,.351,126,161,7,2,0,1,4,*6/DH,,hendegu01
251,Heriberto Hernández,25,MIA,NL,0.7,34,98,89,13,29,5,0,3,13,0,0,8,27,.326,.378,.483,.861,137,.378,139,43,1,0,0,1,0,7D/H9,,hernahe01
252,Kiké Hernández,33,LAD,NL,0.3,71,186,169,23,33,5,0,8,22,0,0,15,48,.195,.259,.367,.626,75,.286,77,62,6,0,1,1,0,374H5/81D,,hernaen02
253,Teoscar Hernández,32,LAD,NL,0.7,81,327,308,42,76,19,0,14,58,5,0,15,79,.247,.282,.445,.727,101,.318,98,137,8,1,0,2,0,*9/H,,hernate01
254,Iván Herrera,25,STL,NL,0.9,48,198,175,22,53,8,0,8,37,3,0,18,39,.303,.374,.486,.859,141,.378,140,85,9,3,0,2,0,D2/H,,herreiv01
255,José Herrera#,28,ARI,NL,0.0,47,170,137,16,26,6,0,1,14,0,0,20,39,.190,.294,.255,.549,55,.259,52,35,2,1,10,2,0,2/1,,herrejo04
256,Tim Herrin*,28,CLE,AL,0.0,1,0,0,0,0,0,0,0,0,0,0,0,0,,,,,,,,0,0,0,0,0,0,1,,herriti01
257,Jason Heyward*,35,SDP,NL,-0.6,34,95,85,9,15,2,0,2,12,0,1,6,20,.176,.223,.271,.494,38,.220,32,23,1,0,0,3,0,7/H98,,heywaja01
258,Brewer Hicklen,29,DET,AL,0.1,1,4,3,2,2,0,0,0,0,1,0,1,1,.667,.750,.667,1.417,303,.655,302,2,0,0,0,0,0,/8,,hicklbr01
259,Liam Hicks*,26,MIA,NL,1.2,68,210,179,19,50,9,1,4,30,0,0,23,31,.279,.370,.408,.778,116,.347,117,73,3,4,2,2,0,2HD3,,hicksli01
260,Kyle Higashioka,35,TEX,AL,0.8,56,196,182,16,46,9,0,4,25,3,0,11,36,.253,.301,.368,.669,94,.297,93,67,2,2,0,1,0,2D/H,,higasky01
261,Derek Hill,29,MIA,NL,0.8,33,100,90,14,19,4,0,2,7,6,0,7,37,.211,.276,.322,.598,66,.277,56,29,1,1,2,0,0,8/HD,,hillde01
262,Sam Hilliard*,31,COL,NL,-0.2,20,61,51,8,10,3,1,2,3,2,1,10,23,.196,.328,.412,.740,98,.326,97,21,1,0,0,0,0,/7H89D,,hillisa01
263,Rece Hinds,24,CIN,NL,-0.4,14,43,42,6,5,1,0,2,3,0,0,1,20,.119,.140,.286,.425,12,.180,-7,12,1,0,0,0,0,9,,hindsre01
264,Keston Hiura,28,COL,NL,0.0,8,21,18,3,4,1,0,0,1,0,0,0,7,.222,.333,.278,.611,68,.293,72,5,0,3,0,0,0,/3,,hiurake01
265,Nico Hoerner,28,CHC,NL,3.9,97,399,370,53,106,18,3,3,41,19,3,21,30,.286,.333,.376,.709,106,.330,110,139,1,6,0,2,0,*4/6,,hoernni01
266,Jeff Hoffman,32,TOR,AL,0.0,2,0,0,0,0,0,0,0,0,0,0,0,0,,,,,,,,0,0,0,0,0,0,1,,hoffmje02
267,Jackson Holliday*,21,BAL,AL,0.9,93,396,369,43,96,14,2,13,40,9,8,22,95,.260,.311,.415,.725,104,.319,109,153,3,5,0,0,0,*4/6DH,,hollija01
268,Spencer Horwitz*,27,PIT,NL,-0.2,51,201,181,22,45,12,0,2,19,0,0,18,44,.249,.318,.348,.666,85,.297,81,63,5,1,0,1,1,3/H,,horwisp01
269,Rhys Hoskins,32,MIL,NL,1.0,82,318,269,30,65,12,1,12,42,2,1,38,85,.242,.340,.428,.767,116,.339,117,115,6,5,0,6,2,*3/HD,,hoskirh01
270,Brady House,22,WSN,NL,0.3,27,114,108,12,30,6,0,2,13,3,0,4,25,.278,.298,.389,.687,96,.305,91,42,4,0,0,2,0,5,,housebr01
271,Sam Huff,27,SFG,NL,-0.2,20,58,53,5,11,1,0,2,4,0,0,4,25,.208,.259,.340,.598,72,.265,69,18,2,0,0,1,0,2,,huffsa01
272,Cooper Hummel#,30,2TM,AL,-0.5,29,84,69,9,11,0,0,2,4,1,0,12,26,.159,.301,.246,.548,56,.265,60,17,0,2,1,0,0,7/HD9,,hummeco01
273,Jacob Hurtubise*,27,CIN,NL,-0.1,12,15,12,3,1,0,0,0,0,0,0,1,6,.083,.267,.083,.350,2,.204,10,1,0,2,0,0,0,/H79,,hurtuja01
274,Andy Ibáñez,32,DET,AL,0.1,46,106,94,14,20,4,0,2,15,3,0,7,14,.213,.292,.319,.612,72,.278,67,30,5,4,0,1,0,5H/4D367,,ibanean01
275,Jose Iglesias,35,SDP,NL,-0.5,71,222,200,16,47,8,0,0,23,3,1,13,42,.235,.295,.275,.570,61,.272,64,55,4,5,2,2,0,46H5/D7,,iglesjo01
276,Jonathan India,28,KCR,AL,-0.4,94,410,363,43,88,23,0,4,27,0,4,36,68,.242,.323,.339,.662,86,.293,86,123,6,8,1,2,0,475D/H,,indiajo01
277,Kyle Isbel*,28,KCR,AL,0.8,88,265,243,27,62,10,4,3,18,2,1,10,50,.255,.281,.366,.648,80,.278,71,89,3,0,9,3,0,*8/H,,isbelky01
278,Alex Jackson,29,BAL,AL,-0.1,8,16,16,3,3,2,0,1,2,0,0,0,7,.188,.188,.500,.688,86,.283,79,8,0,0,0,0,0,/2H,,jacksal02
279,Drey Jameson,27,ARI,NL,0.0,1,0,0,0,0,0,0,0,0,0,0,0,0,,,,,,,,0,0,0,0,0,0,/1,,jamesdr01
280,Travis Jankowski*,34,3TM,2LG,-0.3,25,50,45,8,11,2,0,0,2,2,0,3,12,.244,.286,.289,.575,63,.261,53,13,0,0,1,1,0,9H/781D,,jankotr01
281,Danny Jansen,30,TBR,AL,2.0,70,246,212,28,45,8,0,11,29,0,0,29,62,.212,.314,.406,.720,101,.319,103,86,3,3,1,1,0,*2/H,,janseda01
282,Kenley Jansen#,37,LAA,AL,0.0,1,0,0,0,0,0,0,0,0,0,0,0,0,,,,,,,,0,0,0,0,0,0,1,,janseke01
283,Griffin Jax,30,MIN,AL,0.0,1,0,0,0,0,0,0,0,0,0,0,0,0,,,,,,,,0,0,0,0,0,0,1,,jaxgr01
284,Ryan Jeffers,28,MIN,AL,0.7,81,307,268,31,69,19,0,7,34,0,0,34,53,.257,.352,.407,.759,109,.334,109,109,8,5,0,0,1,2D/H,,jeffery01
285,Leo Jiménez,24,TOR,AL,-0.2,11,25,22,2,2,0,0,1,1,0,0,2,7,.091,.167,.227,.394,8,.216,21,5,0,0,1,0,0,4/H6,,jimenle01
286,Connor Joe,32,2TM,NL,-0.6,36,77,68,2,13,4,0,0,4,2,2,7,19,.191,.260,.250,.510,40,.226,32,17,2,0,0,2,0,9H7/3D8,,joeco01
287,Bryce Johnson#,29,SDP,NL,0.4,24,31,27,2,9,2,0,0,2,3,0,1,9,.333,.379,.407,.787,121,.379,126,11,0,1,2,0,0,7/8H9,,johnsbr03
288,Daniel Johnson*,29,SFG,NL,0.1,14,31,29,5,5,2,0,1,1,1,0,2,8,.172,.226,.345,.571,63,.258,59,10,0,0,0,0,0,/H897,,johnsda07
289,Greg Jones#,27,CHW,AL,0.0,3,2,2,0,0,0,0,0,0,1,0,0,2,.000,.000,.000,.000,-100,.123,-132,0,0,0,0,0,0,/H9,,jonesgr02
290,Jahmai Jones,27,DET,AL,0.4,29,57,50,6,13,5,0,3,7,0,0,6,10,.260,.351,.540,.891,145,.378,144,27,1,1,0,0,0,HD/974,,jonesja08
291,Nolan Jones*,27,CLE,AL,-0.6,90,282,244,22,55,10,2,3,25,7,3,32,76,.225,.320,.320,.640,79,.291,79,78,5,3,1,2,1,*98H/7D,,jonesno01
292,Aaron Judge,33,NYY,AL,7.0,101,451,370,89,128,24,2,36,82,6,3,73,118,.346,.455,.714,1.168,220,.471,220,264,10,4,0,4,27,*9D/H,AS,judgeaa01
293,Edouard Julien*,26,MIN,AL,-0.4,29,104,91,8,18,5,0,2,8,0,2,11,29,.198,.288,.319,.607,67,.262,63,29,2,1,0,1,0,4/DH6,,julieed01
294,Jace Jung*,24,DET,AL,-0.5,18,53,45,8,5,0,0,0,3,0,0,7,15,.111,.245,.111,.356,5,.188,6,5,2,1,0,0,0,5/H,,jungja01
295,Josh Jung,27,TEX,AL,0.6,77,303,284,29,69,10,1,9,36,4,1,17,74,.243,.290,.380,.671,94,.296,93,108,6,2,0,0,0,*5/DH,,jungjo01
296,Tommy Kahnle,35,DET,AL,0.0,1,0,0,0,0,0,0,0,0,0,0,0,0,,,,,,,,0,0,0,0,0,0,1,,kahnlto01
297,Niko Kavadas*,26,LAA,AL,0.0,1,1,1,0,0,0,0,0,0,0,0,0,0,.000,.000,.000,.000,-100,.000,-136,0,0,0,0,0,0,/3H,,kavadni01
298,Luke Keaschall,22,MIN,AL,0.4,7,26,19,4,7,3,0,0,2,5,0,5,2,.368,.538,.526,1.065,196,.516,208,10,0,2,0,0,0,/D4,,keasclu01
299,DaShawn Keirsey Jr.*,28,MIN,AL,-1.2,61,73,70,7,7,0,0,1,4,6,3,2,25,.100,.137,.143,.280,-23,.141,-32,10,1,1,0,0,0,9H78/D,,keirsda01
300,Colt Keith*,23,DET,AL,1.0,90,311,271,43,68,16,2,8,30,0,0,36,64,.251,.338,.413,.751,109,.329,109,112,5,1,0,3,0,D43H5,,keithco01
301,Jarred Kelenic*,25,ATL,NL,-0.6,23,65,60,7,10,2,0,2,2,0,1,5,23,.167,.231,.300,.531,48,.231,43,18,1,0,0,0,0,9/H7,,kelenja01
302,Carson Kelly,30,CHC,NL,3.0,66,250,213,38,59,11,1,13,35,0,0,33,38,.277,.372,.521,.893,156,.389,158,111,7,1,0,3,0,2/HD,,kellyca02
303,Otto Kemp,25,PHI,NL,0.3,31,114,102,12,26,6,0,2,12,1,2,6,29,.255,.333,.373,.706,94,.317,99,38,2,6,0,0,0,3/75H,,kempot01
304,Buddy Kennedy,26,PHI,NL,-0.1,4,8,7,0,0,0,0,0,0,0,0,1,2,.000,.125,.000,.125,-61,.087,-68,0,0,0,0,0,0,/35DH,,kennebu01
305,Max Kepler*,32,PHI,NL,-0.2,89,328,285,36,59,14,0,11,32,1,0,38,65,.207,.305,.372,.677,86,.300,81,106,7,3,0,2,2,*79H/8,,keplema01
306,Ha-Seong Kim,29,TBR,AL,0.3,10,35,31,3,7,1,0,1,3,4,1,4,8,.226,.314,.355,.669,88,.311,87,11,0,0,0,0,0,/64,,kimha01
307,Hyeseong Kim*,26,LAD,NL,1.9,53,133,126,17,40,6,1,2,15,12,0,6,33,.317,.353,.429,.782,120,.384,132,54,0,1,0,0,0,48H/6,,kimhy02
308,Isiah Kiner-Falefa,30,PIT,NL,1.5,88,315,292,27,80,12,2,1,24,12,3,15,51,.274,.317,.339,.656,83,.310,87,99,4,4,3,1,0,*6/5,,kineris01
309,Scott Kingery,31,LAA,AL,-0.5,13,27,25,3,4,1,0,0,0,1,1,2,10,.160,.222,.200,.422,19,.180,5,5,1,0,0,0,0,/468H9,,kingesc01
310,Alejandro Kirk,26,TOR,AL,1.6,85,336,303,27,92,11,0,7,46,0,0,28,33,.304,.360,.409,.769,113,.337,113,124,8,1,0,4,2,*2/DH,AS,kirkal01
311,Andrew Kittredge,35,BAL,AL,0.0,1,0,0,0,0,0,0,0,0,0,0,0,0,,,,,,,,0,0,0,0,0,0,1,,kittran01
312,Heston Kjerstad*,26,BAL,AL,-1.4,54,167,156,16,30,5,2,4,19,1,0,6,45,.192,.240,.327,.566,59,.254,57,51,9,4,0,1,0,79/HD,,kjershe01
313,Andrew Knizner,30,SFG,NL,-0.2,16,46,43,7,8,0,0,1,2,0,0,2,6,.186,.222,.256,.478,38,.257,63,11,0,0,1,0,0,2/DH,,kniznan01
314,Christian Koss,27,SFG,NL,1.0,41,108,98,12,26,3,0,2,12,2,0,5,25,.265,.305,.357,.662,91,.321,106,35,2,1,3,1,0,4/5H61D,,kossch01
315,Ryan Kreidler,27,DET,AL,-0.2,17,44,38,5,4,0,0,0,0,2,0,4,19,.105,.190,.105,.296,-14,.162,-27,4,0,0,2,0,0,8,,kreidry01
316,Nick Kurtz*,22,ATH,AL,2.4,63,256,224,39,63,14,2,19,49,2,1,28,82,.281,.357,.616,.973,164,.405,164,138,4,0,0,3,1,3/D,,kurtzni01
317,Steven Kwan*,27,CLE,AL,2.8,94,415,369,44,105,20,1,6,32,11,2,36,35,.285,.348,.393,.741,106,.330,105,145,2,3,1,6,1,*7/D8,AS,kwanst01
318,Shea Langeliers,27,ATH,AL,0.6,71,288,262,32,63,15,0,14,37,4,1,23,57,.240,.299,.458,.757,107,.324,103,120,7,0,0,3,1,2/DH,,langesh01
319,Wyatt Langford,23,TEX,AL,2.7,81,350,310,42,72,11,0,15,38,15,4,35,97,.232,.311,.413,.724,109,.324,111,128,6,2,0,3,2,*78,,langfwy01
320,Trevor Larnach*,28,MIN,AL,0.1,94,381,341,46,83,15,1,13,42,2,3,33,85,.243,.313,.408,.721,97,.325,104,139,11,3,0,3,1,D97/H,,larnatr01
321,Ramón Laureano,30,BAL,AL,2.5,73,255,229,37,64,16,0,13,41,4,2,20,67,.279,.341,.520,.861,141,.366,140,119,5,3,0,3,1,97/DH8,,laurera01
322,Jordan Lawlar,22,ARI,NL,-0.4,8,22,19,1,0,0,0,0,0,0,0,3,9,.000,.136,.000,.136,-57,.095,-61,0,0,0,0,0,0,/4H56D,,lawlajo01
323,Jordan Leasure,26,CHW,AL,0.0,1,0,0,0,0,0,0,0,0,0,0,0,0,,,,,,,,0,0,0,0,0,0,1,,leasujo01
324,Brooks Lee#,24,MIN,AL,-0.6,82,306,287,24,72,10,0,8,36,1,1,13,59,.251,.288,.369,.657,79,.288,76,106,6,3,0,3,0,546/HD,,leebr02
325,Jung Hoo Lee*,26,SFG,NL,0.9,97,407,366,50,90,20,8,6,41,6,2,33,45,.246,.312,.393,.705,103,.313,103,144,2,4,0,4,0,*8/HD,,leeju01
326,Korey Lee,26,CHW,AL,0.2,14,31,28,7,7,3,0,0,1,0,0,2,5,.250,.300,.357,.657,84,.346,123,10,0,0,1,0,0,2/HD,,leeko01
327,Casey Legumina,28,SEA,AL,0.0,1,0,0,0,0,0,0,0,0,0,0,0,0,,,,,,,,0,0,0,0,0,0,1,,legumca01
328,Jack Leiter,25,TEX,AL,0.0,1,1,1,0,0,0,0,0,0,0,0,0,1,.000,.000,.000,.000,-100,.000,-127,0,0,0,0,0,0,1/H,,leiteja01
329,DJ LeMahieu,36,NYY,AL,0.7,45,142,128,13,34,3,0,2,12,0,0,14,35,.266,.338,.336,.674,90,.309,94,43,4,0,0,0,0,4/H,,lemahdj01
330,Sandy León#,36,ATL,NL,0.0,1,0,0,0,0,0,0,0,0,0,0,0,0,,,,,,,,0,0,0,0,0,0,/2,,leonsa01
331,Royce Lewis,26,MIN,AL,0.4,46,169,154,17,35,7,0,4,18,1,0,14,23,.227,.290,.351,.641,76,.292,77,54,4,0,0,1,0,5/DH,,lewisro02
332,Daylen Lile*,22,WSN,NL,-0.8,38,141,129,17,29,6,2,2,11,3,4,8,24,.225,.279,.349,.627,79,.288,90,45,3,2,0,1,0,9/H7,,lileda01
333,Francisco Lindor#,31,NYM,NL,2.6,100,453,404,64,99,18,0,19,55,16,2,33,82,.245,.313,.431,.744,113,.331,112,174,5,10,0,6,2,*6/DH,AS,lindofr01
334,Trey Lipscomb,25,WSN,NL,0.1,3,4,4,1,2,0,0,0,0,0,0,0,1,.500,.500,.500,1.000,189,.427,183,2,0,0,0,0,0,/356H,,lipsctr01
335,Brandon Lockridge,28,SDP,NL,-0.2,47,95,88,9,19,4,0,0,5,8,1,4,24,.216,.258,.261,.519,46,.248,36,23,2,1,2,0,0,78H/9,,lockrbr01
336,Nick Loftin,26,KCR,AL,-0.3,37,118,111,12,24,5,2,3,13,1,1,4,18,.216,.254,.378,.633,74,.267,65,42,4,2,0,1,0,74/5HD,,loftini01
337,Joey Loperfido*,26,TOR,AL,0.0,10,31,29,2,9,1,0,1,6,0,0,2,5,.310,.355,.448,.803,121,.348,121,13,0,0,0,0,0,/79H,,loperjo01
338,Nicky Lopez*,30,2TM,2LG,-0.5,18,28,24,2,1,0,0,0,1,0,0,4,4,.042,.179,.042,.220,-32,.128,-31,1,1,0,0,0,0,5/6H147D,,lopezni01
339,Otto López,26,MIA,NL,2.9,84,350,314,43,79,11,0,11,52,10,3,33,46,.252,.326,.392,.717,98,.334,106,123,5,2,0,1,2,64/D,,lopezot01
340,Brandon Lowe*,30,TBR,AL,1.2,86,350,323,55,87,11,0,19,50,3,1,24,89,.269,.320,.480,.800,121,.349,124,155,3,1,0,2,1,*4/HD,AS,lowebr01
341,Josh Lowe*,27,TBR,AL,0.7,56,228,204,32,48,12,0,6,22,6,3,21,46,.235,.308,.382,.691,93,.305,93,78,4,1,1,1,1,9/HD,,lowejo01
342,Nathaniel Lowe*,29,WSN,NL,0.0,101,422,382,47,87,15,2,15,62,1,0,37,115,.228,.296,.395,.691,97,.305,95,151,5,1,0,2,0,*3/DH,,lowena01
343,Matthew Lugo,24,LAA,AL,-0.1,17,43,42,6,10,2,1,3,6,0,0,0,16,.238,.256,.548,.803,115,.334,110,23,2,1,0,0,0,8/H79,,lugoma01
344,Nathan Lukes*,30,TOR,AL,1.0,75,233,198,28,52,7,0,5,33,1,2,26,29,.263,.352,.374,.726,102,.321,103,74,8,2,6,1,2,*978H,,lukesna01
345,Gavin Lux*,27,CIN,NL,0.3,88,325,287,31,79,17,1,4,40,1,0,38,78,.275,.360,.383,.743,103,.334,103,110,3,0,0,0,0,7D4/H5,,luxga01
346,Daniel Lynch IV*,28,KCR,AL,0.0,1,0,0,0,0,0,0,0,0,0,0,0,0,,,,,,,,0,0,0,0,0,0,1,,lynchda02
347,Manny Machado,32,SDP,NL,2.7,101,430,386,60,109,23,0,18,60,8,2,39,74,.282,.344,.482,.826,128,.357,125,186,11,0,0,5,2,*5D,AS,machama01
348,Willie MacIver,28,ATH,AL,0.2,16,52,49,4,12,4,0,2,4,2,0,3,11,.245,.288,.449,.737,101,.322,96,22,1,0,0,0,0,2/1,,macivwi01
349,Luke Maile,34,KCR,AL,0.2,6,10,8,2,3,0,0,1,1,0,0,2,1,.375,.500,.750,1.250,244,.519,247,6,0,0,0,0,0,/2,,mailelu01
350,Martín Maldonado,38,SDP,NL,-0.5,59,149,137,10,26,6,0,4,12,0,0,7,55,.190,.229,.321,.550,52,.249,47,44,3,0,5,0,0,2,,maldoma01
351,Justyn-Henry Malloy,25,DET,AL,-0.2,46,118,96,13,20,4,0,1,16,0,0,19,31,.208,.339,.281,.620,77,.293,82,27,1,1,0,2,0,DH9/7,,malloju02
352,Jake Mangum#,29,TBR,AL,0.8,65,244,229,25,68,10,1,2,28,14,3,13,32,.297,.337,.376,.713,101,.315,94,86,3,1,1,0,0,789/H,,manguja01
353,Joe Mantiply,34,ARI,NL,0.0,1,0,0,0,0,0,0,0,0,0,0,0,0,,,,,,,,0,0,0,0,0,0,1,,mantijo01
354,Kyle Manzardo*,24,CLE,AL,0.2,85,312,277,28,61,12,2,16,40,1,0,29,77,.220,.295,.451,.746,103,.321,100,125,5,2,0,4,1,D3H,,manzaky01
355,Rafael Marchán#,26,PHI,NL,0.0,25,72,63,5,11,2,0,1,6,0,0,7,12,.175,.268,.254,.522,45,.245,42,16,1,1,1,0,0,2,,marchra01
356,Manuel Margot,30,DET,AL,-0.1,6,20,19,1,6,0,0,0,3,0,0,0,6,.316,.300,.316,.616,73,.263,61,6,0,0,0,1,0,/9H,,margoma01
357,Brandon Marsh*,27,PHI,NL,-0.4,79,245,215,31,53,10,1,3,21,5,1,24,63,.247,.318,.344,.662,83,.304,82,74,1,0,2,3,0,*87H/9,,marshbr02
358,Ketel Marte#,31,ARI,NL,3.0,70,306,260,53,74,14,0,19,40,2,1,41,47,.285,.389,.558,.947,160,.403,159,145,7,4,0,1,4,4/DH,AS,marteke01
359,Noelvi Marté,23,CIN,NL,0.8,33,125,115,16,32,5,1,6,25,5,2,8,21,.278,.328,.496,.824,120,.378,133,57,2,1,0,1,0,5/9HD,,marteno01
360,Starling Marte,36,NYM,NL,0.7,58,188,163,22,44,7,0,4,20,5,2,14,33,.270,.353,.387,.739,115,.335,119,63,3,8,1,2,0,DH/79,,martest01
361,Ángel Martínez#,23,CLE,AL,0.0,84,309,291,38,74,19,1,9,38,6,2,9,66,.254,.278,.419,.697,90,.302,86,122,6,2,3,4,0,84/H97,,martian02
362,Justin Martínez,23,ARI,NL,0.0,2,0,0,0,0,0,0,0,0,0,0,0,0,,,,,,,,0,0,0,0,0,0,1,,martiju01
363,Nick Martini*,35,COL,NL,-0.3,43,111,102,9,23,4,0,1,4,0,0,9,18,.225,.288,.294,.582,58,.267,54,30,1,0,0,0,1,D9H/7,,martini02
364,Michael Massey*,27,KCR,AL,-0.9,56,209,198,10,40,5,0,2,14,1,0,5,32,.202,.221,.258,.479,34,.209,20,51,3,1,1,4,0,4/7DH,,massemi02
365,Miles Mastrobuoni*,29,SEA,AL,0.1,70,168,146,19,37,3,0,1,12,5,3,17,28,.253,.329,.295,.624,86,.281,87,43,2,0,4,1,0,H549/71,,mastrmi01
366,Jorge Mateo,30,BAL,AL,-0.5,31,65,61,7,11,3,0,1,3,14,1,4,23,.180,.231,.279,.509,44,.271,39,17,1,0,0,0,0,6H/84D517,,mateojo01
367,Nick Maton*,28,CHW,AL,-0.1,25,63,54,5,9,2,0,2,4,0,1,9,19,.167,.286,.315,.601,69,.265,69,17,0,0,0,0,0,D/H3479,,matonni01
368,Phil Maton,32,STL,NL,0.0,1,0,0,0,0,0,0,0,0,0,0,0,0,,,,,,,,0,0,0,0,0,0,1,,matonph01
369,Luis Matos,23,SFG,NL,-0.3,34,106,100,12,17,6,0,5,12,2,0,6,17,.170,.217,.380,.597,69,.262,63,38,4,0,0,0,0,9/78HD,,matoslu02
370,Brice Matthews,23,HOU,AL,0.3,6,24,20,5,4,0,0,3,7,0,0,2,9,.200,.304,.650,.954,157,.395,159,13,0,1,1,0,0,/45,,matthbr01
371,Tyler Matzek*,34,NYY,AL,0.0,2,0,0,0,0,0,0,0,0,0,0,0,0,,,,,,,,0,0,0,0,0,0,/1,,matzety01
372,Ronny Mauricio#,24,NYM,NL,0.4,33,115,105,15,23,4,0,4,6,3,0,9,32,.219,.287,.371,.658,89,.304,92,39,4,1,0,0,1,5/4H6D,,mauriro01
373,Marcelo Mayer*,22,BOS,AL,0.3,43,134,126,19,29,8,1,4,10,0,2,7,40,.230,.269,.405,.673,84,.289,84,51,2,0,0,1,0,5/4H6,,mayerma01
374,Coby Mayo,23,BAL,AL,-0.6,29,92,83,9,17,5,0,1,9,1,0,9,22,.205,.283,.301,.584,67,.266,65,25,2,0,0,0,0,3/DH5,,mayoco01
375,James McCann,35,ARI,NL,0.7,12,40,32,7,12,2,0,2,5,0,0,7,8,.375,.500,.625,1.125,212,.478,211,20,1,1,0,0,0,2/H,,mccanja02
376,Jake McCarthy*,27,ARI,NL,-0.6,31,105,93,7,13,1,1,2,9,3,0,9,17,.140,.221,.237,.458,28,.218,21,22,1,1,1,1,0,8/79HD,,mccarja02
377,Chas McCormick,30,HOU,AL,-0.6,40,67,57,9,14,2,0,0,2,2,3,5,18,.246,.317,.281,.598,70,.254,63,16,1,1,4,0,0,978/HD,,mccorch01
378,Mason McCoy,30,SDP,NL,-0.2,4,5,5,0,0,0,0,0,0,0,0,0,3,.000,.000,.000,.000,-100,.000,-130,0,0,0,0,0,0,/H4D,,mccoyma01
379,Carson McCusker,27,MIN,AL,-0.2,5,6,6,0,1,0,0,0,0,0,0,0,4,.167,.167,.167,.333,-8,.149,-27,1,0,0,0,0,0,/9H,,mccusca01
380,Andrew McCutchen,38,PIT,NL,0.5,89,362,317,32,81,15,0,8,31,1,1,38,76,.256,.336,.379,.715,98,.319,98,120,5,2,0,3,1,*D/9H7,,mccutan01
381,Reese McGuire*,30,CHC,NL,0.4,21,70,67,10,14,1,0,5,10,0,0,2,14,.209,.232,.448,.680,91,.287,84,30,1,0,1,0,0,2/H,,mcguire01
382,Billy McKinney*,30,TEX,AL,-0.1,2,8,7,1,1,0,0,0,0,0,0,1,1,.143,.250,.143,.393,19,.197,22,1,0,0,0,0,0,/7D,,mckinbi01
383,Zach McKinstry*,30,DET,AL,2.4,93,349,304,49,83,14,8,8,32,16,3,36,72,.273,.353,.451,.804,123,.356,123,137,3,4,1,4,1,5976/H4D3,AS,mckinza01
384,Matt McLain,25,CIN,NL,0.5,92,379,335,49,73,11,0,11,35,14,1,37,101,.218,.304,.349,.653,78,.305,77,117,6,5,1,1,0,*4/6DH,,mclaima01
385,Ryan McMahon*,30,COL,NL,1.4,99,397,347,41,76,15,1,16,35,2,1,48,125,.219,.315,.406,.721,93,.316,89,141,4,1,0,1,1,*5/HD,,mcmahry01
386,Jeff McNeil*,33,NYM,NL,1.6,68,249,211,22,53,8,4,9,32,1,0,29,27,.251,.351,.455,.806,132,.356,134,96,4,5,1,3,3,48/7H9D,,mcneije01
387,Curtis Mead,24,TBR,AL,0.4,49,132,115,14,26,2,1,3,8,4,1,12,33,.226,.318,.339,.657,85,.305,90,39,4,4,0,1,0,34H/5D,,meadcu01
388,Parker Meadows*,25,DET,AL,-0.1,35,128,116,13,22,3,1,2,9,3,0,12,38,.190,.266,.284,.550,54,.254,50,33,0,0,0,0,0,8/H,,meadopa01
389,Chase Meidroth,23,CHW,AL,0.9,76,320,283,32,71,11,0,2,13,11,3,32,42,.251,.332,.311,.643,83,.302,87,88,8,3,1,1,0,64/H,,meidrch01
390,Juan Mejia,24,COL,NL,0.0,2,0,0,0,0,0,0,0,0,0,0,0,0,,,,,,,,0,0,0,0,0,0,1,,mejiaju01
391,MJ Melendez*,26,KCR,AL,-0.4,16,52,47,4,4,1,0,1,1,0,0,3,20,.085,.173,.170,.343,-3,.165,-11,8,0,2,0,0,0,7/9HD,,melenmj01
392,Jacob Melton*,24,HOU,AL,0.2,11,31,29,3,7,0,1,0,6,3,0,2,12,.241,.290,.310,.601,69,.285,60,9,1,0,0,0,0,/789H,,meltoja01
393,Jackson Merrill*,22,SDP,NL,1.4,68,289,259,35,67,13,2,7,35,1,2,23,62,.259,.323,.405,.728,103,.319,101,105,3,3,1,3,1,*8,,merrija01
394,Matt Mervis*,27,MIA,NL,-0.7,42,134,120,15,21,4,0,7,14,0,0,11,50,.175,.254,.383,.637,74,.289,76,46,1,2,0,1,1,3D/H,,mervima01
395,Víctor Mesa Jr.*,23,MIA,NL,0.0,4,10,7,1,1,0,0,0,1,0,0,2,1,.143,.333,.143,.476,39,.255,47,1,0,0,1,0,0,/8,,mesavi01
396,Jake Meyers,29,HOU,AL,2.7,89,322,289,47,89,15,2,3,21,14,5,27,58,.308,.369,.405,.774,117,.348,121,117,8,2,2,2,0,*8/H,,meyerja02
397,Drew Millas#,27,WSN,NL,0.0,6,15,12,2,3,1,0,0,3,1,0,2,1,.250,.357,.333,.690,100,.336,106,4,0,0,1,0,0,/2H,,milladr01
398,Owen Miller,28,COL,NL,0.0,9,17,14,0,2,0,0,0,1,1,0,2,4,.143,.294,.143,.437,24,.246,28,2,0,1,0,0,0,/4H5D,,milleow01
399,Shelby Miller,34,ARI,NL,0.0,2,0,0,0,0,0,0,0,0,0,0,0,0,,,,,,,,0,0,0,0,0,0,1,,millesh01
400,Hoby Milner*,34,TEX,AL,0.0,2,0,0,0,0,0,0,0,0,0,0,0,0,,,,,,,,0,0,0,0,0,0,1,,milneho01
401,José Miranda,27,MIN,AL,-0.3,12,36,36,2,6,0,0,1,5,0,0,0,13,.167,.167,.250,.417,13,.178,-6,9,0,0,0,0,0,5/H,,miranjo01
402,Kameron Misner*,27,TBR,AL,0.6,71,217,197,27,42,9,1,5,22,8,1,16,69,.213,.273,.345,.618,73,.280,69,68,1,1,1,2,0,89/7HD,,misneka01
403,Garrett Mitchell*,26,MIL,NL,0.0,25,78,68,9,14,4,1,0,3,3,0,7,25,.206,.286,.294,.580,65,.270,60,20,0,1,1,1,0,8/H,,mitchga01
404,Andruw Monasterio,28,MIL,NL,0.1,31,53,48,9,9,2,0,1,5,1,0,5,12,.188,.264,.292,.556,58,.274,67,14,1,0,0,0,0,6/3H54,,monasan01
405,Yoán Moncada#,30,LAA,AL,0.2,39,146,126,21,29,6,1,8,22,0,0,17,37,.230,.329,.484,.813,122,.353,124,61,1,2,0,1,0,5/H,,moncayo01
406,Mickey Moniak*,27,COL,NL,0.6,84,271,251,38,69,11,6,15,38,5,2,17,65,.275,.325,.546,.871,130,.369,126,137,1,2,0,1,1,*98DH/7,,moniami01
407,Coco Montes,28,TBR,AL,0.1,5,10,10,0,2,0,0,0,1,0,0,0,3,.200,.200,.200,.400,13,.179,0,2,0,0,0,0,0,/457,,monteco01
408,Colson Montgomery*,23,CHW,AL,0.8,15,53,46,4,12,1,1,1,7,0,0,6,14,.261,.346,.391,.737,107,.339,117,18,3,0,0,0,0,/65,,montgco01
409,Christian Moore,22,LAA,AL,0.1,18,64,53,8,10,0,1,3,8,0,0,8,20,.189,.302,.396,.698,92,.304,88,21,0,1,1,1,0,4/H,,moorech03
410,Dylan Moore,32,SEA,AL,0.7,74,193,176,27,36,4,0,9,19,10,4,15,66,.205,.264,.381,.645,87,.291,91,67,1,0,0,2,0,H4953/6D8,,mooredy01
411,Christopher Morel,26,TBR,AL,0.0,68,197,178,28,38,11,0,7,19,5,2,17,66,.213,.289,.393,.683,90,.311,96,70,2,2,0,0,0,7H/9D,,morelch01
412,Gabriel Moreno,25,ARI,NL,0.5,53,188,174,29,47,8,1,5,20,1,1,13,32,.270,.324,.414,.738,104,.321,101,72,4,1,0,0,0,2/H,,morenga01
413,Ryan Mountcastle,28,BAL,AL,0.1,52,200,187,19,46,13,0,2,15,1,0,8,46,.246,.280,.348,.628,78,.298,90,65,6,2,0,3,0,3/DH,,mountry01
414,Cedric Mullins*,30,BAL,AL,-0.5,84,328,291,38,62,14,0,13,42,14,3,32,82,.213,.294,.395,.689,94,.307,93,115,2,2,1,2,0,*8/DH,,mullice01
415,Max Muncy*,34,LAD,NL,2.8,81,315,256,39,64,10,2,13,55,4,0,51,69,.250,.375,.457,.832,134,.367,133,117,4,3,0,5,1,*5/H,,muncyma01
416,Max Muncy,22,ATH,AL,0.0,59,213,200,17,43,7,0,9,23,1,1,9,65,.215,.258,.385,.643,76,.279,72,77,1,3,0,1,0,54/6H,,muncyma02
417,Sean Murphy,30,ATL,NL,2.5,65,243,212,27,50,9,0,16,38,0,0,22,76,.236,.325,.505,.830,129,.359,128,107,4,7,0,2,1,2/HD,,murphse01
418,Dane Myers,29,MIA,NL,0.8,71,236,220,22,58,8,0,4,23,14,5,13,53,.264,.309,.355,.664,84,.303,83,78,8,2,0,1,0,*89/H7,,myersda01
419,Carlos Narváez,26,BOS,AL,3.1,77,299,266,38,70,19,0,8,31,1,1,31,75,.263,.338,.425,.763,111,.330,109,113,7,0,0,2,0,*2/HD,,narvaca01
420,Omar Narváez*,33,CHW,AL,0.0,4,10,7,1,2,0,0,0,3,0,0,2,1,.286,.400,.286,.686,98,.306,93,2,0,0,0,1,0,/2,,narvaom01
421,Bo Naylor*,25,CLE,AL,0.4,76,260,224,30,38,9,1,10,21,1,2,33,69,.170,.274,.353,.627,73,.280,73,79,4,0,1,2,0,*2/H,,naylobo01
422,Josh Naylor*,28,ARI,NL,1.1,92,390,345,49,101,19,1,11,58,11,2,37,49,.293,.361,.449,.810,125,.359,124,155,14,2,0,4,4,*3D/H,,naylojo01
423,Ryne Nelson,27,ARI,NL,0.1,1,1,1,1,1,0,0,0,1,0,0,0,0,1.000,1.000,1.000,2.000,461,.903,527,1,0,0,0,0,0,1/H,,nelsory01
424,Zach Neto,24,LAA,AL,3.4,82,354,328,65,91,19,1,15,35,18,8,19,91,.277,.328,.479,.806,120,.351,122,157,5,6,0,1,2,*6/H,,netoza01
425,Kevin Newman,31,LAA,AL,-0.9,50,105,103,10,21,2,0,1,8,1,0,1,20,.204,.212,.252,.464,28,.222,26,26,4,0,1,0,0,56/4H13,,newmake01
426,Tomás Nido,31,DET,AL,-0.1,10,37,35,4,12,0,0,0,2,0,0,0,10,.343,.361,.343,.704,99,.315,98,12,1,1,1,0,0,2/1,,nidoto01
427,Brandon Nimmo*,32,NYM,NL,2.6,98,405,365,49,95,18,0,18,56,11,1,32,79,.260,.326,.458,.783,124,.347,124,167,5,5,0,3,1,*7/D8H,,nimmobr01
428,Ryan Noda*,29,CHW,AL,-0.3,16,45,34,3,3,0,0,1,1,0,0,10,19,.088,.295,.176,.472,38,.233,36,6,0,0,1,0,1,3/D9H,,nodary01
429,Jhonkensy Noel,23,CLE,AL,-1.3,49,111,107,12,15,2,0,2,9,0,0,3,35,.140,.162,.215,.377,4,.172,-8,23,4,0,0,1,0,9H/7D,,noeljh01
430,Austin Nola,35,COL,NL,-0.1,6,22,21,1,4,0,0,0,0,0,0,0,3,.190,.190,.190,.381,4,.172,-19,4,2,0,1,0,0,/2,,nolaau01
431,Lars Nootbaar*,27,STL,NL,1.2,88,386,331,50,75,15,0,12,37,4,4,48,83,.227,.332,.381,.712,101,.316,101,126,4,5,0,2,2,*79/8DH,,nootbla01
432,Connor Norby,25,MIA,NL,0.1,72,273,253,33,61,11,1,6,26,7,2,14,73,.241,.289,.364,.653,80,.307,87,92,2,4,0,2,0,*5/HD,,norbyco01
433,Dom Nuñez*,30,CLE,AL,0.0,2,7,7,2,2,0,0,0,0,0,0,0,4,.286,.286,.286,.571,60,.227,32,2,0,0,0,0,0,/2,,nunezdo01
434,Nasim Nuñez#,24,WSN,NL,0.1,23,49,43,6,8,2,0,0,5,7,1,5,10,.186,.271,.233,.503,47,.261,46,10,1,0,1,0,0,6/4H8,,nunezna01
435,Ryan O'Hearn*,31,BAL,AL,1.9,87,336,289,40,81,14,0,12,36,3,1,40,56,.280,.375,.453,.828,135,.361,136,131,8,5,0,2,3,3D9/H7,AS,ohearry01
436,Logan O'Hoppe,25,LAA,AL,0.9,81,313,296,29,72,4,1,18,38,2,1,14,100,.243,.281,.446,.727,98,.317,98,132,7,2,0,1,0,2/HD,,ohopplo01
437,Tyler O'Neill,30,BAL,AL,-0.3,33,129,113,12,20,5,1,3,11,2,0,11,33,.177,.264,.319,.582,65,.264,63,36,2,3,0,2,1,9/DH7,,oneilty01
438,Shohei Ohtani*,30,LAD,NL,4.2,100,460,391,95,107,12,7,36,69,13,4,63,117,.274,.377,.616,.993,175,.415,170,241,5,3,0,2,11,*D/1,AS,ohtansh01
439,Matt Olson*,31,ATL,NL,3.8,100,443,379,56,101,25,0,18,64,0,0,59,105,.266,.366,.475,.841,134,.365,133,180,11,2,0,3,2,*3,AS,olsonma02
440,Jonathan Ornelas,25,TEX,AL,0.0,4,6,5,0,0,0,0,0,0,0,0,1,3,.000,.167,.000,.167,-45,.114,-39,0,0,0,0,0,0,/64,,orneljo01
441,Tirso Ornelas*,25,SDP,NL,-0.3,7,16,14,0,1,0,0,0,1,0,0,2,2,.071,.188,.071,.259,-23,.144,-26,1,1,0,0,0,0,/7H8D,,ornelti01
442,Kaleb Ort,33,HOU,AL,0.0,1,0,0,0,0,0,0,0,0,0,0,0,0,,,,,,,,0,0,0,0,0,0,1,,ortka01
443,Joey Ortiz,26,MIL,NL,-0.4,98,337,309,40,66,10,0,7,30,9,3,20,55,.214,.268,.314,.582,65,.264,61,97,9,3,5,0,0,*6/H,,ortizjo06
444,Alejandro Osuna*,22,TEX,AL,0.0,29,82,67,7,11,1,0,1,5,3,3,12,18,.164,.293,.224,.517,54,.233,55,15,0,1,0,2,1,7/D9H8,,osunaal02
445,James Outman*,28,LAD,NL,0.1,17,41,36,7,4,1,0,2,4,0,0,4,17,.111,.220,.306,.525,46,.238,43,11,0,1,0,0,0,8/H9,,outmaja01
446,Tyler Owens,24,DET,AL,0.0,1,0,0,0,0,0,0,0,0,0,0,0,0,,,,,,,,0,0,0,0,0,0,/1,,owensty01
447,Marcell Ozuna,34,ATL,NL,1.0,92,394,323,37,76,11,0,13,42,0,0,64,89,.235,.361,.390,.751,112,.344,118,126,8,2,0,4,2,*D/H,,ozunama01
448,Andy Pages,24,LAD,NL,3.1,98,396,368,48,105,16,1,19,63,8,4,19,83,.285,.326,.489,.815,126,.350,123,180,4,5,0,4,0,*897,,pagesan01
449,Pedro Pagés,26,STL,NL,0.1,78,261,241,26,50,10,0,6,29,0,0,14,66,.207,.252,.324,.576,61,.257,56,78,7,1,3,2,0,*2/34,,pagespe02
450,Joshua Palacios*,29,CHW,AL,-1.1,51,145,128,11,26,4,0,3,9,0,0,12,36,.203,.292,.305,.596,68,.277,71,39,0,4,1,0,0,97/HD,,palacjo01
451,Richie Palacios*,28,TBR,AL,0.2,1,4,4,1,3,1,0,0,0,1,0,0,0,.750,.750,1.000,1.750,387,.819,422,4,0,0,0,0,0,/79,,palacri01
452,Andre Pallante,26,STL,NL,0.0,1,0,0,0,0,0,0,0,0,0,0,0,0,,,,,,,,0,0,0,0,0,0,1,,pallaan01
453,Isaac Paredes,26,HOU,AL,2.8,94,409,351,51,91,15,1,19,50,0,1,49,67,.259,.359,.470,.829,130,.363,134,165,8,7,0,2,0,*5/DH,AS,paredis01
454,Kyren Paris,23,LAA,AL,0.6,44,140,126,20,24,4,1,6,11,7,1,10,59,.190,.266,.381,.647,77,.304,82,48,1,3,0,0,0,84/H7D,,parisky01
455,Vinnie Pasquantino*,27,KCR,AL,1.1,100,423,387,38,102,14,1,15,57,1,0,29,72,.264,.322,.421,.743,106,.327,107,163,4,5,0,2,3,*3D,,pasquvi01
456,Graham Pauley*,24,MIA,NL,-0.3,33,106,96,7,20,6,0,0,5,1,0,8,23,.208,.267,.271,.537,50,.245,42,26,1,0,1,1,0,5/438,,paulegr01
457,Joc Pederson*,33,TEX,AL,-0.8,46,146,122,10,16,5,1,2,6,1,0,20,28,.131,.269,.238,.507,50,.240,52,29,4,3,0,0,0,D/H3,,pederjo01
458,Liover Peguero,24,PIT,NL,0.0,5,11,10,0,2,0,0,0,0,0,0,0,3,.200,.273,.200,.473,34,.230,34,2,0,1,0,0,0,/64,,pegueli01
459,Jeremy Peña,27,HOU,AL,4.4,82,350,317,48,102,18,1,11,40,15,2,20,55,.322,.378,.489,.867,141,.380,141,155,6,10,1,2,1,*6/DH,AS,penaje02
460,Oswald Peraza,25,NYY,AL,-0.1,68,166,154,17,23,5,0,3,13,2,0,11,46,.149,.211,.240,.451,26,.214,22,37,3,1,0,0,0,54/6HD,,perazos02
461,Geraldo Perdomo#,25,ARI,NL,2.8,101,448,371,55,102,20,2,10,72,15,3,59,51,.275,.375,.420,.796,122,.358,123,156,6,6,3,9,0,*6/H,,perdoge01
462,Jhonny Pereda,29,ATH,AL,0.1,17,46,40,3,7,2,0,0,3,0,0,6,13,.175,.283,.225,.508,45,.258,56,9,0,0,0,0,0,2/1H,,peredjh01
463,Cionel Pérez,29,BAL,AL,0.0,1,0,0,0,0,0,0,0,0,0,0,0,0,,,,,,,,0,0,0,0,0,0,1,,perezci01
464,Salvador Perez,35,KCR,AL,0.4,97,402,376,32,95,26,0,17,60,0,0,18,77,.253,.295,.457,.752,106,.321,103,172,10,5,0,1,3,23D,,perezsa02
465,Wenceel Pérez#,25,DET,AL,0.1,43,158,144,23,36,7,2,7,20,2,0,11,33,.250,.310,.472,.782,115,.336,111,68,2,2,0,1,0,9/8H7,,perezwe01
466,Blake Perkins#,28,MIL,NL,0.1,5,14,12,2,3,0,1,0,0,1,0,2,5,.250,.357,.417,.774,119,.346,109,5,0,0,0,0,0,/8H,,perkibl01
467,Tommy Pham,37,PIT,NL,0.9,71,250,224,22,57,10,0,4,27,3,1,22,57,.254,.320,.353,.673,87,.311,91,79,8,1,0,3,1,*7/9HD,,phamth01
468,Kevin Pillar,36,TEX,AL,-0.1,20,43,43,6,9,2,0,0,1,3,0,0,8,.209,.209,.256,.465,35,.214,22,11,0,0,0,0,0,/8H9D7,,pillake01
469,Jorge Polanco#,31,SEA,AL,1.1,82,309,279,35,71,13,0,15,46,3,2,22,44,.254,.313,.462,.775,124,.334,125,129,5,3,2,3,0,D4/H53,,polanjo01
470,Zach Pop,28,SEA,AL,0.0,1,0,0,0,0,0,0,0,0,0,0,0,0,,,,,,,,0,0,0,0,0,0,/1,,popza01
471,Logan Porter,29,SFG,NL,0.0,4,9,7,2,1,0,0,0,1,0,0,1,2,.143,.333,.143,.476,45,.259,65,1,0,1,0,0,0,/21,,portelo01
472,Yohel Pozo,28,STL,NL,0.6,40,102,97,12,30,7,0,4,15,0,0,4,11,.309,.333,.505,.838,133,.360,130,49,1,0,0,1,0,2H/3D,,pozoyo01
473,Jurickson Profar#,32,ATL,NL,-0.3,20,88,81,13,19,5,0,3,8,1,0,6,17,.235,.295,.407,.703,95,.322,100,33,1,1,0,0,0,7,,profaju01
474,A.J. Puk*,30,ARI,NL,0.0,2,0,0,0,0,0,0,0,0,0,0,0,0,,,,,,,,0,0,0,0,0,0,/1,,pukaj01
475,Edgar Quero#,22,CHW,AL,0.9,64,224,197,14,52,11,0,2,22,0,1,22,39,.264,.344,.350,.694,96,.312,99,69,3,3,0,2,0,2H/D,,queroed01
476,Ceddanne Rafaela,24,BOS,AL,4.0,97,360,336,56,91,21,2,14,48,14,3,16,67,.271,.311,.470,.781,114,.339,112,158,3,4,3,1,0,*8/4H,,rafaece01
477,Cal Raleigh#,28,SEA,AL,5.0,99,438,367,68,94,16,0,39,84,11,2,63,108,.256,.370,.619,.988,184,.410,179,227,5,5,0,3,12,*2D/H,AS,raleica01
478,Luke Raley*,30,SEA,AL,0.5,47,166,138,19,31,6,0,4,18,2,1,16,43,.225,.345,.355,.701,107,.326,119,49,2,10,1,1,0,93/HD87,,raleylu01
479,Agustín Ramírez,23,MIA,NL,-0.1,76,323,303,43,74,22,1,14,44,1,2,19,63,.244,.288,.462,.750,104,.320,100,140,8,0,0,1,1,D2/H,,ramirag01
480,José Ramírez#,32,CLE,AL,3.9,97,414,363,61,107,18,2,21,56,30,6,41,45,.295,.370,.529,.898,146,.386,142,192,2,5,0,5,14,*5D,AS,ramirjo01
481,Heliot Ramos,25,SFG,NL,1.1,100,436,384,52,102,18,1,14,50,5,4,34,103,.266,.339,.427,.767,121,.333,119,164,10,12,0,6,2,*7/DH,,ramoshe02
482,John Rave*,27,KCR,AL,-0.2,40,94,81,10,17,4,0,3,12,5,2,10,23,.210,.293,.370,.664,85,.291,79,30,1,0,2,1,0,97/H8D,,ravejo01
483,Colin Rea,34,CHC,NL,0.0,1,1,1,0,0,0,0,0,0,0,0,0,1,.000,.000,.000,.000,-100,.000,-127,0,0,0,0,0,0,1,,reaco01
484,J.T. Realmuto,34,PHI,NL,1.3,83,340,315,36,84,18,1,5,33,6,2,23,83,.267,.321,.378,.698,92,.315,92,119,11,2,0,0,1,*2/D,,realmjt01
485,Rob Refsnyder,34,BOS,AL,1.1,44,132,114,19,31,8,0,6,17,3,0,15,37,.272,.356,.500,.856,135,.382,143,57,3,1,0,2,1,9H7/D,,refsnro01
486,Hunter Renfroe,33,KCR,AL,-1.5,35,108,99,5,18,6,0,0,4,0,0,8,21,.182,.241,.242,.483,36,.216,27,24,4,0,0,1,0,9/HD,,renfrhu01
487,Luis Rengifo#,28,LAA,AL,-0.7,94,355,333,33,81,13,1,4,22,2,6,18,64,.243,.282,.324,.607,68,.266,66,108,7,1,1,2,0,54/H9D,,rengilu01
488,Pablo Reyes,31,NYY,AL,-0.4,24,34,31,4,6,1,0,0,2,1,0,2,10,.194,.242,.226,.468,33,.222,23,7,0,0,1,0,0,H/94517D,,reyespa01
489,Bryan Reynolds#,30,PIT,NL,-0.8,96,411,376,37,88,20,2,10,50,3,2,30,113,.234,.292,.378,.670,84,.296,81,142,11,2,0,3,1,*9D,,reynobr01
490,Ben Rice*,26,NYY,AL,0.9,83,316,276,45,65,17,2,15,32,3,2,29,64,.236,.327,.475,.802,121,.344,120,131,8,9,0,1,0,D32H,,ricebe01
491,Trevor Richards,32,KCR,AL,0.0,1,0,0,0,0,0,0,0,0,0,0,0,0,,,,,,,,0,0,0,0,0,0,/1,,richatr01
492,Austin Riley,28,ATL,NL,1.6,93,408,379,51,104,19,1,14,48,2,1,25,113,.274,.324,.441,.764,113,.335,111,167,8,3,0,1,1,*5,,rileyau01
493,Ryan Ritter,24,COL,NL,0.3,31,113,101,13,24,4,2,1,12,1,0,7,35,.238,.291,.347,.637,72,.299,74,35,3,1,3,1,0,6/4,,rittery01
494,Leo Rivas#,27,SEA,AL,0.6,30,73,60,14,17,1,0,0,4,4,0,12,15,.283,.411,.300,.711,115,.345,123,18,1,1,0,0,0,4/H6D17,,rivasle01
495,Emmanuel Rivera,29,BAL,AL,0.5,26,77,70,3,16,3,0,0,3,1,0,6,12,.229,.299,.271,.570,65,.277,73,19,3,1,0,0,0,5/3HD1,,riverem01
496,Luis Robert Jr.,27,CHW,AL,0.6,83,323,282,35,58,9,0,10,40,25,6,34,94,.206,.292,.344,.636,78,.300,81,97,6,1,1,2,3,*8/DH,,roberlu01
497,Will Robertson*,27,2TM,AL,-0.4,7,18,16,1,1,0,0,0,1,0,0,1,11,.063,.167,.063,.229,-32,.128,-40,1,1,1,0,0,0,/798H,,roberwi02
498,Víctor Robles,28,SEA,AL,-0.2,10,46,44,3,12,3,0,0,3,3,0,0,7,.273,.283,.341,.624,83,.281,75,15,1,1,0,1,0,9,,roblevi01
499,Brayan Rocchio#,24,CLE,AL,-0.7,53,162,143,14,30,10,0,1,19,2,4,7,30,.210,.266,.301,.567,57,.240,47,43,3,5,4,3,0,6/H,,rocchbr01
500,Alan Roden*,25,TOR,AL,-0.1,42,111,97,12,20,5,1,1,8,0,1,7,24,.206,.279,.309,.589,64,.255,56,30,0,4,0,3,0,79/H8,,rodenal01
501,Brendan Rodgers,28,HOU,AL,0.1,43,128,115,12,22,4,0,2,11,0,1,11,46,.191,.266,.278,.544,53,.264,64,32,2,1,0,1,0,4/HD,,rodgebr02
502,Endy Rodríguez#,25,PIT,NL,-0.6,18,57,52,5,9,4,0,0,2,0,1,5,14,.173,.246,.250,.496,38,.220,33,13,0,0,0,0,0,3/2H,,rodrien01
503,Johnathan Rodríguez,25,CLE,AL,-0.8,24,62,58,5,9,3,1,1,4,0,0,4,18,.155,.210,.293,.503,38,.235,38,17,2,0,0,0,0,9/H7D,,rodrijo10
504,Julio Rodríguez,24,SEA,AL,3.9,100,452,412,65,103,17,3,14,51,19,4,30,102,.250,.312,.408,.720,110,.328,116,168,9,8,0,2,1,*8/DH,AS,rodriju01
505,Jake Rogers,30,DET,AL,0.1,27,86,72,8,12,2,1,2,11,0,0,12,22,.167,.282,.306,.588,65,.274,68,22,0,0,1,1,0,2/1H,,rogerja03
506,Trevor Rogers*,27,BAL,AL,0.0,1,2,2,0,0,0,0,0,0,0,0,0,2,.000,.000,.000,.000,-100,.000,-132,0,0,0,0,0,0,/1,,rogertr01
507,Tyler Rogers,34,SFG,NL,0.0,1,0,0,0,0,0,0,0,0,0,0,0,0,,,,,,,,0,0,0,0,0,0,1,,rogerty01
508,Johan Rojas,24,PHI,NL,0.4,67,160,141,22,32,3,2,1,16,12,2,12,38,.227,.282,.298,.580,60,.271,52,42,2,0,4,3,0,8H/D,,rojasjo03
509,Josh Rojas*,31,CHW,AL,-1.2,57,182,164,11,29,8,0,1,10,4,1,15,47,.177,.243,.244,.487,38,.233,38,40,4,0,1,2,0,54/7H,,rojasjo01
510,Miguel Rojas,36,LAD,NL,0.9,61,150,139,18,35,6,0,6,14,1,0,10,19,.252,.302,.424,.726,103,.317,99,59,6,0,1,0,0,456/H13,,rojasmi02
511,Brent Rooker,30,ATH,AL,1.9,103,447,399,63,109,23,3,21,56,3,1,45,101,.273,.350,.504,.854,134,.368,136,201,10,2,0,0,3,*D9/7H,AS,rookebr01
512,Ben Rortvedt*,27,TBR,AL,-0.7,26,70,63,2,6,1,0,0,6,0,0,7,14,.095,.186,.111,.297,-13,.163,-12,7,0,0,0,0,0,2,,rortvbe01
513,Amed Rosario,29,WSN,NL,0.2,45,154,144,19,39,8,0,5,18,1,0,7,22,.271,.312,.431,.742,111,.330,112,62,5,2,0,1,0,54H/D169,,rosaram01
514,Eddie Rosario*,33,2TM,NL,0.0,5,8,8,1,1,0,0,0,0,0,0,0,2,.125,.125,.125,.250,-29,.113,-46,1,0,0,0,0,0,/DH9,,rosared01
515,Esteury Ruiz,26,LAD,NL,-0.2,12,16,16,1,4,0,0,1,2,2,0,0,6,.250,.250,.438,.688,89,.322,81,7,0,0,0,0,0,/79H,,ruizes01
516,Keibert Ruiz#,26,WSN,NL,0.8,68,267,255,19,63,12,0,2,25,0,2,8,26,.247,.277,.318,.595,71,.272,75,81,4,3,0,1,0,2/H,,ruizke01
517,Dalton Rushing*,24,LAD,NL,0.3,26,80,72,9,16,3,0,1,11,0,0,7,33,.222,.288,.306,.593,68,.279,73,22,0,0,0,1,0,2/H3D,,rushida01
518,Adley Rutschman#,27,BAL,AL,1.4,68,276,242,31,55,9,1,8,20,0,0,32,45,.227,.319,.372,.691,96,.304,95,90,7,1,0,1,0,2D/H,,rutscad01
519,Blake Sabol*,27,BOS,AL,-0.2,8,18,16,2,2,1,0,0,1,0,0,1,7,.125,.167,.188,.354,-1,.157,-18,3,1,0,0,1,0,/2DH,,sabolbl01
520,Thomas Saggese,23,STL,NL,-0.2,29,91,87,6,21,6,0,1,10,0,0,3,23,.241,.264,.345,.609,70,.273,68,30,2,0,0,1,0,456/HD,,saggeth01
521,César Salazar*,29,HOU,AL,-0.1,8,7,7,0,1,0,0,0,0,0,0,0,1,.143,.143,.143,.286,-19,.128,-38,1,1,0,0,0,0,/H2D1,,salazce01
522,Ali Sánchez,28,TOR,AL,-0.2,5,11,11,0,2,1,0,0,0,0,0,0,3,.182,.182,.273,.455,24,.185,2,3,1,0,0,0,0,/23H,,sanchal04
523,Gary Sánchez,32,BAL,AL,-0.4,29,101,91,13,21,2,0,5,24,0,0,4,27,.231,.297,.418,.715,101,.310,99,38,2,5,0,1,0,2/D1H,,sanchga02
524,Jesús Sánchez*,27,MIA,NL,0.6,80,312,283,37,73,11,4,8,32,9,2,26,66,.258,.321,.410,.730,101,.326,100,116,8,1,0,2,1,*9H8/D7,,sanchje02
525,Nick Sandlin,28,TOR,AL,0.0,1,0,0,0,0,0,0,0,0,0,0,0,0,,,,,,,,0,0,0,0,0,0,1,,sandlni01
526,Javier Sanoja,22,MIA,NL,0.4,71,204,183,24,44,11,3,1,19,3,5,13,29,.240,.285,.350,.635,75,.276,73,64,1,0,4,4,0,478H5/613D,,sanojja01
527,Carlos Santana#,39,CLE,AL,1.2,94,381,329,43,75,7,0,11,43,6,0,45,71,.228,.323,.350,.672,87,.306,88,115,6,3,0,4,1,*3D/H,,santaca01
528,Anthony Santander#,30,TOR,AL,-0.9,50,209,184,14,33,5,0,6,18,0,0,24,55,.179,.273,.304,.577,60,.258,55,56,6,0,0,1,1,D9/7H3,,santaan02
529,Nolan Schanuel*,23,LAA,AL,1.7,97,417,360,48,100,19,1,8,41,4,1,45,49,.278,.367,.403,.770,114,.343,117,145,8,7,3,2,4,*3,,schanno01
530,Casey Schmitt,26,SFG,NL,0.7,45,151,134,15,33,5,0,5,17,0,0,13,39,.246,.327,.396,.722,109,.328,114,53,3,3,1,0,0,354/H6D,,schmica01
531,Daniel Schneemann*,28,CLE,AL,1.1,81,253,224,29,48,10,0,9,26,7,1,27,63,.214,.302,.379,.681,88,.312,91,85,4,1,1,0,1,4H56/897,,schneda04
532,Davis Schneider,26,TOR,AL,0.5,37,100,81,15,18,3,0,5,12,0,1,17,29,.222,.370,.444,.814,125,.360,133,36,3,2,0,0,0,74/H,,schneda03
533,John Schreiber,31,KCR,AL,0.0,1,0,0,0,0,0,0,0,0,0,0,0,0,,,,,,,,0,0,0,0,0,0,1,,schrejo01
534,Max Schuemann,28,ATH,AL,1.3,68,120,101,14,25,1,2,2,6,6,1,16,19,.248,.358,.356,.715,101,.327,101,36,4,2,0,1,0,5H46/879D,,schuema01
535,Aaron Schunk,27,COL,NL,-0.3,11,29,28,1,6,1,0,0,0,0,0,0,8,.214,.214,.250,.464,25,.206,7,7,1,0,1,0,0,/65H4D,,schunaa01
536,Kyle Schwarber*,32,PHI,NL,3.1,101,447,371,71,92,14,1,33,75,9,2,68,120,.248,.376,.558,.934,153,.401,153,207,1,8,0,0,5,*D/7,AS,schwaky01
537,Tanner Scott,30,LAD,NL,0.0,1,0,0,0,0,0,0,0,0,0,0,0,0,,,,,,,,0,0,0,0,0,0,1,,scottta01
538,Victor Scott II*,24,STL,NL,1.8,95,342,297,43,69,11,1,5,33,25,2,30,89,.232,.318,.327,.644,83,.306,81,97,3,8,5,2,0,*8/97,,scottvi01
539,Connor Seabold,29,TBR,AL,0.0,1,0,0,0,0,0,0,0,0,0,0,0,0,,,,,,,,0,0,0,0,0,0,/1,,seaboco01
540,Corey Seager*,31,TEX,AL,3.6,70,305,261,40,71,14,0,14,37,1,0,38,62,.272,.370,.487,.857,147,.366,146,127,10,4,0,2,4,6/D,,seageco01
541,Anthony Seigler#,26,MIL,NL,-0.1,8,19,18,0,3,0,0,0,2,0,1,1,1,.167,.211,.167,.377,9,.153,3,3,0,0,0,0,0,/5HD,,seiglan01
542,Marcus Semien,34,TEX,AL,2.7,101,421,370,49,85,11,1,13,50,8,1,42,80,.230,.309,.370,.679,97,.306,99,137,5,3,0,6,0,*4,,semiema01
543,Hayden Senger,28,NYM,NL,0.0,21,49,46,5,8,1,0,0,0,0,0,2,14,.174,.208,.196,.404,18,.183,9,9,2,0,1,0,0,2/H,,sengeha01
544,Matt Shaw,23,CHC,NL,1.3,68,247,222,31,49,11,0,4,20,13,2,21,46,.221,.291,.324,.616,79,.282,75,72,1,2,0,2,0,5/H4,,shawma01
545,Gavin Sheets*,29,SDP,NL,0.7,97,370,335,37,86,15,1,14,51,1,1,29,72,.257,.319,.433,.752,108,.330,108,145,7,3,0,3,1,D73H,,sheetga01
546,Zack Short,30,HOU,AL,0.2,14,34,31,5,7,2,0,1,5,0,0,2,13,.226,.294,.387,.681,89,.297,85,12,0,1,0,0,0,6/HD,,shortza01
547,Michael Siani*,25,STL,NL,-0.1,19,19,17,4,4,0,0,0,0,0,0,2,7,.235,.316,.235,.551,59,.264,61,4,0,0,0,0,0,8/H,,sianimi01
548,Ronny Simón#,25,MIA,NL,-0.9,19,56,47,6,11,2,0,0,5,0,0,7,7,.234,.327,.277,.604,70,.295,80,13,1,0,1,1,0,/47D6H,,simonro01
549,Chandler Simpson*,24,TBR,AL,0.4,58,222,206,26,62,7,1,0,15,30,6,11,20,.301,.333,.345,.678,92,.322,90,71,4,0,1,2,0,87/H9D,,simpsch01
550,Jose Siri,29,NYM,NL,-0.2,10,24,20,5,1,1,0,0,1,2,0,4,8,.050,.208,.100,.308,-6,.189,1,2,0,0,0,0,0,/8H,,sirijo01
551,Austin Slater,32,CHW,AL,0.4,47,122,110,17,26,6,1,4,10,0,0,11,34,.236,.306,.418,.724,101,.318,102,46,5,0,1,0,0,H79/D38,,slateau01
552,Cam Smith,22,HOU,AL,1.8,87,348,316,39,84,17,2,7,42,5,1,28,97,.266,.333,.399,.732,104,.326,105,126,9,4,0,0,0,*9,,smithca07
553,Dominic Smith*,30,SFG,NL,0.2,30,101,88,10,22,6,0,2,10,1,0,9,20,.250,.327,.386,.713,106,.316,104,34,3,2,0,2,0,3/H9,,smithdo02
554,Josh Smith*,27,TEX,AL,2.6,89,356,315,49,87,17,1,8,25,9,3,34,57,.276,.353,.413,.766,123,.346,130,130,2,4,2,1,2,653/DH4789,,smithjo11
555,Pavin Smith*,29,ARI,NL,0.8,79,264,222,33,58,15,1,8,28,2,2,40,84,.261,.371,.446,.817,127,.359,128,99,7,0,0,2,1,D3H,,smithpa04
556,Will Smith,30,LAD,NL,4.0,79,319,265,51,86,16,1,14,48,2,3,46,57,.325,.423,.551,.974,173,.414,171,146,5,3,0,5,0,*2/H,AS,smithwi05
557,Tyler Soderstrom*,23,ATH,AL,1.6,102,413,369,51,95,15,1,18,57,6,2,37,96,.257,.332,.450,.782,115,.337,113,166,13,5,0,2,1,73/HD,,soderty01
558,Nick Sogard#,27,BOS,AL,-0.1,17,65,59,10,15,5,0,0,3,0,0,3,12,.254,.323,.339,.662,85,.293,82,20,3,3,0,0,0,3/546H,,sogarni01
559,Nick Solak,30,PIT,NL,-0.5,4,11,11,0,1,0,0,0,0,0,0,0,2,.091,.091,.091,.182,-49,.073,-78,1,0,0,0,0,0,/347H,,solakni01
560,Donovan Solano,37,SEA,AL,0.0,63,161,148,9,36,3,1,3,20,0,0,8,31,.243,.292,.338,.630,85,.282,87,50,9,3,0,2,0,3H/5,,solando01
561,Jorge Soler,33,LAA,AL,-0.3,81,314,278,31,60,12,0,12,34,0,0,28,93,.216,.294,.388,.682,88,.305,89,108,5,4,0,3,0,9D/H,,solerjo01
562,Edmundo Sosa,29,PHI,NL,1.1,53,152,139,15,38,8,1,3,22,0,0,8,32,.273,.320,.410,.730,100,.324,99,57,3,2,1,1,0,45H/678D,,sosaed01
563,Lenyn Sosa,25,CHW,AL,0.4,86,319,307,29,81,15,1,9,34,2,1,9,75,.264,.289,.407,.696,93,.304,91,125,4,2,1,0,0,*43/DH5,,sosale01
564,Juan Soto*,26,NYM,NL,4.1,101,444,356,72,91,15,0,24,59,13,1,82,83,.256,.393,.500,.893,157,.400,162,178,14,1,1,4,9,*9/D,,sotoju01
565,Bennett Sousa*,30,HOU,AL,0.0,1,0,0,0,0,0,0,0,0,0,0,0,0,,,,,,,,0,0,0,0,0,0,1,,sousabe01
566,George Springer,35,TOR,AL,1.9,95,378,318,58,89,17,1,17,55,12,0,48,72,.280,.374,.500,.874,140,.384,142,159,10,2,0,4,1,D98/H7,,springe01
567,Jacob Stallings,35,2TM,2LG,-1.1,39,122,112,4,15,4,0,0,8,0,0,6,39,.134,.198,.170,.368,2,.174,-10,19,4,3,1,0,0,2/H1,,stallja01
568,Giancarlo Stanton,35,NYY,AL,0.6,26,97,85,11,23,3,0,5,17,0,0,11,28,.271,.361,.482,.843,134,.373,141,41,1,1,0,0,1,D/H,,stantmi03
569,Spencer Steer,27,CIN,NL,0.1,94,372,342,41,84,15,1,11,41,6,1,25,86,.246,.304,.392,.696,88,.310,85,134,10,4,0,1,0,*3D/7H9,,steersp01
570,Michael Stefanic,29,TOR,AL,0.0,9,25,22,1,4,0,0,0,0,0,0,3,3,.182,.280,.182,.462,33,.221,28,4,0,0,0,0,0,/4H16,,stefami01
571,Tyler Stephenson,28,CIN,NL,0.8,58,234,206,25,48,12,0,7,30,0,1,25,82,.233,.312,.393,.705,91,.315,91,81,3,0,0,3,1,2D/H,,stephty01
572,Chad Stevens,26,LAA,AL,-0.2,5,14,13,1,2,0,0,0,0,0,1,0,7,.154,.154,.154,.308,-14,.100,-43,2,0,0,1,0,0,/45,,stevech02
573,Cal Stevenson*,28,PHI,NL,-0.2,5,8,8,0,2,0,0,0,1,0,0,0,2,.250,.250,.250,.500,39,.214,21,2,0,0,0,0,0,/8H,,steveca01
574,Trevor Story,32,BOS,AL,2.3,99,403,380,51,96,13,0,15,59,17,0,19,112,.253,.294,.405,.699,92,.315,90,154,2,3,1,0,0,*6/HD,,storytr01
575,Bryson Stott*,27,PHI,NL,0.0,90,358,320,38,73,9,2,6,38,14,3,33,59,.228,.301,.325,.626,73,.290,71,104,2,1,2,2,0,*4/H,,stottbr01
576,Kyle Stowers*,27,MIA,NL,2.9,96,367,322,49,95,15,3,22,61,4,1,37,103,.295,.372,.565,.937,156,.397,152,182,6,4,1,3,3,*798H/D,AS,stoweky01
577,Myles Straw,30,TOR,AL,1.4,83,197,178,30,43,9,0,1,16,7,1,11,29,.242,.288,.309,.597,66,.281,66,55,5,1,6,1,0,*8H7/49,,strawmy01
578,Eugenio Suárez,33,ARI,NL,3.4,100,412,366,64,93,18,0,36,86,1,0,28,108,.254,.325,.598,.924,150,.399,155,219,7,13,0,5,1,*5/DH,AS,suareeu01
579,Brett Sullivan*,31,PIT,NL,0.0,3,9,6,1,1,0,0,0,2,0,0,1,3,.167,.333,.167,.500,45,.259,54,1,0,1,0,1,0,/2,,sullibr01
580,Jack Suwinski*,26,PIT,NL,-0.2,25,68,59,5,6,1,0,1,2,5,1,9,30,.102,.221,.169,.390,11,.197,2,10,1,0,0,0,1,7/89HD,,suwinja01
581,Seiya Suzuki,30,CHC,NL,2.0,97,427,387,54,100,24,3,26,81,3,2,35,112,.258,.316,.537,.854,142,.366,141,208,8,0,0,5,1,D97/8,,suzukse01
582,Dansby Swanson,31,CHC,NL,2.6,100,420,386,59,98,13,2,16,47,8,3,29,112,.254,.303,.422,.725,108,.321,109,163,4,0,1,4,1,*6,,swansda01
583,Trey Sweeney*,25,DET,AL,-0.2,84,257,230,28,48,5,1,5,27,3,1,23,67,.209,.276,.304,.581,63,.262,59,70,2,0,0,4,0,*6H,,sweentr01
584,Fernando Tatis Jr.,26,SDP,NL,4.3,99,434,374,67,98,14,2,16,42,22,3,55,79,.262,.362,.439,.800,123,.368,128,164,4,4,0,1,7,*9/D,AS,tatisfe02
585,Mike Tauchman*,34,CHW,AL,1.4,49,202,175,25,50,13,1,5,25,0,0,24,48,.286,.376,.457,.833,133,.368,139,80,1,2,0,1,0,9D/H,,tauchmi01
586,Leody Taveras#,26,2TM,AL,-0.5,58,180,171,13,35,6,1,3,17,9,3,5,50,.205,.226,.304,.530,53,.238,49,52,0,0,3,1,0,89/H,,taverle01
587,Tim Tawa,26,ARI,NL,0.3,59,173,155,21,31,6,0,6,14,7,2,13,47,.200,.262,.355,.616,70,.282,69,55,4,1,1,3,0,48H3/759,,tawati01
588,Chris Taylor,34,2TM,2LG,-0.3,40,70,66,10,13,5,0,1,5,1,1,1,26,.197,.243,.318,.561,56,.242,48,21,1,3,0,0,0,7/8H49,,tayloch03
589,Michael A. Taylor,34,CHW,AL,0.5,85,208,186,23,41,15,1,5,25,7,3,18,72,.220,.290,.392,.682,90,.293,83,73,4,1,1,2,1,*978H/D,,taylomi02
590,Samad Taylor,26,SEA,AL,-0.1,4,9,8,1,1,0,0,0,0,0,0,0,1,.125,.125,.125,.250,-26,.099,-66,1,0,0,1,0,0,/98H,,taylosa04
591,Tyrone Taylor,31,NYM,NL,0.9,90,280,256,25,54,13,3,2,17,10,1,11,65,.211,.264,.309,.572,66,.268,66,79,3,8,2,2,1,*8/H79,,tayloty01
592,Kyle Teel*,23,CHW,AL,0.6,27,96,78,12,19,5,0,0,6,1,1,14,28,.244,.368,.308,.676,94,.308,96,24,0,2,1,1,0,2/D7H,,teelky01
593,Rowdy Tellez*,30,2TM,AL,-0.6,66,195,182,21,38,6,0,12,30,1,0,9,52,.209,.251,.440,.691,98,.294,94,80,6,2,0,2,0,3H/D,,tellero01
594,José Tena*,24,WSN,NL,0.3,44,154,137,18,34,12,2,0,13,2,1,15,33,.248,.325,.365,.690,98,.306,96,50,4,1,0,1,0,5/H4,,tenajo01
595,Matt Thaiss*,30,2TM,AL,0.9,56,178,145,16,32,5,1,1,16,1,1,29,42,.221,.356,.290,.646,85,.304,93,42,2,2,1,1,0,2/H3D,,thaisma01
596,Alek Thomas*,25,ARI,NL,0.4,90,292,268,33,66,13,2,5,26,5,2,15,77,.246,.294,.366,.660,83,.297,82,98,2,4,3,2,0,*8/HD,,thomaal01
597,Colby Thomas,24,ATH,AL,-0.3,6,15,15,1,2,1,0,0,0,0,0,0,8,.133,.133,.200,.333,-9,.142,-29,3,2,0,0,0,0,/7H9D,,thomaco03
598,Lane Thomas,29,CLE,AL,-0.5,39,142,125,10,20,2,0,4,11,4,1,14,44,.160,.246,.272,.518,44,.243,42,34,4,1,0,2,0,8/H9D,,thomala02
599,Rhylan Thomas*,25,SEA,AL,0.0,3,10,8,2,1,1,0,0,2,0,0,1,0,.125,.200,.250,.450,31,.283,88,2,0,0,0,1,0,/97,,thomarh01
600,Ryan Thompson,33,ARI,NL,0.0,1,0,0,0,0,0,0,0,0,0,0,0,0,,,,,,,,0,0,0,0,0,0,1,,thompry02
601,Trent Thornton,31,SEA,AL,0.0,1,0,0,0,0,0,0,0,0,0,0,0,0,,,,,,,,0,0,0,0,0,0,1,,thorntr01
602,Michael Toglia#,26,COL,NL,-1.3,82,320,290,21,57,15,1,10,31,3,0,27,123,.197,.266,.359,.624,67,.279,60,104,7,1,0,2,2,*3/DH,,toglimi01
603,Tyler Tolbert,27,KCR,AL,0.1,27,16,15,4,3,0,0,0,0,9,1,0,5,.200,.250,.200,.450,29,.320,27,3,0,1,0,0,0,H/8749D56,,tolbety01
604,Spencer Torkelson,25,DET,AL,1.8,96,403,343,56,82,22,0,21,59,1,1,46,96,.239,.340,.487,.827,128,.348,124,167,10,9,0,5,5,*3D/H,,torkesp01
605,Abraham Toro#,28,BOS,AL,0.5,56,206,189,25,52,12,0,5,20,1,0,12,31,.275,.325,.418,.743,105,.343,117,79,0,3,0,2,1,35/H1,,toroab01
606,Luis Torrens,29,NYM,NL,1.0,66,204,186,9,41,10,1,2,16,0,0,17,46,.220,.289,.317,.606,76,.279,79,59,5,1,0,0,0,2/HD3,,torrelu01
607,Gleyber Torres,28,DET,AL,2.3,89,381,318,52,91,17,0,9,45,4,1,54,51,.286,.391,.425,.816,129,.368,136,135,7,4,0,5,0,*4D/H,AS,torregl01
608,Ezequiel Tovar,23,COL,NL,0.6,36,154,143,17,38,7,2,4,13,2,2,7,34,.266,.305,.427,.731,95,.320,94,61,2,1,3,0,0,6,,tovarez01
609,Taylor Trammell*,27,HOU,AL,0.4,19,51,43,7,9,3,0,2,8,0,0,7,16,.209,.314,.419,.732,103,.317,100,18,0,0,0,1,0,78/H,,trammta01
610,Alan Trejo,29,COL,NL,-0.4,13,43,40,3,7,2,0,0,1,0,0,1,7,.175,.190,.225,.415,12,.184,-8,9,3,0,1,1,0,6/1,,trejoal01
611,Jose Trevino,32,CIN,NL,0.7,59,195,180,22,48,17,0,4,14,0,0,12,23,.267,.309,.428,.737,98,.324,96,77,6,0,1,2,0,2/D1H,,trevijo01
612,Jared Triolo,27,PIT,NL,0.1,55,160,139,12,22,6,0,3,10,5,1,17,29,.158,.253,.266,.519,45,.253,46,37,3,1,2,1,1,3645/HD,,triolja01
613,Chadwick Tromp,30,2TM,2LG,0.1,8,22,21,2,3,1,0,1,1,0,0,1,6,.143,.182,.333,.515,42,.262,63,7,1,0,0,0,0,/2,,trompch01
614,Mike Trout,33,LAA,AL,0.9,75,324,265,39,63,6,1,17,44,2,0,50,91,.238,.361,.460,.821,126,.349,121,122,5,4,0,5,8,D9/H,,troutmi01
615,Kyle Tucker*,28,CHC,NL,4.2,100,443,371,71,102,19,4,18,57,23,1,65,62,.275,.383,.493,.876,152,.391,152,183,6,2,0,3,7,*9D/H,AS,tuckeky01
616,Brice Turang*,25,MIL,NL,2.8,97,410,364,60,100,15,0,6,39,18,8,40,89,.275,.345,.365,.710,102,.326,106,133,2,1,1,4,1,*4/H,,turanbr02
617,Justin Turner,40,CHC,NL,-0.1,53,141,122,10,26,4,0,2,13,2,0,14,23,.213,.291,.295,.586,71,.283,79,36,2,1,0,4,0,3HD/5,,turneju01
618,Trea Turner,32,PHI,NL,2.9,99,444,406,65,117,19,2,11,41,25,6,32,73,.288,.345,.426,.771,111,.352,114,173,7,4,0,2,1,*6/H,,turnetr01
619,Luis Urías,28,ATH,AL,0.7,74,269,234,22,55,7,0,7,18,2,0,27,37,.235,.320,.355,.674,88,.312,94,83,7,3,0,2,0,4/5H,,uriaslu01
620,Ramón Urías,31,BAL,AL,1.0,71,266,238,25,59,11,0,6,29,2,0,18,56,.248,.297,.370,.667,89,.295,86,88,5,2,0,8,0,5/H3D4,,uriasra01
621,Gio Urshela,33,ATH,AL,-0.9,43,140,128,6,29,11,1,0,16,0,0,10,26,.227,.283,.328,.611,70,.275,68,42,6,0,2,0,0,5/3DH,,urshegi01
622,Enmanuel Valdéz*,26,PIT,NL,0.0,31,102,91,7,19,4,2,2,12,0,0,11,16,.209,.294,.363,.657,81,.293,78,33,2,0,0,0,0,3/4H9,,valdeen01
623,Ildemaro Vargas#,33,ARI,NL,0.2,10,29,28,5,8,2,0,1,4,0,0,0,7,.286,.310,.464,.775,112,.338,111,13,0,1,0,0,0,/45H6D,,vargail01
624,Miguel Vargas,25,CHW,AL,1.3,98,404,358,51,79,25,2,12,40,4,0,39,69,.221,.304,.402,.707,97,.311,95,144,5,5,0,2,0,53/DH,,vargami01
625,Daulton Varsho*,28,TOR,AL,0.8,24,100,92,14,19,5,1,8,20,1,0,5,31,.207,.240,.543,.783,109,.316,96,50,0,0,0,3,1,8/DH,,varshda01
626,Andrew Vaughn,27,2TM,2LG,-1.6,58,231,216,13,44,10,0,7,31,0,0,13,47,.204,.247,.347,.594,65,.258,58,75,6,0,0,2,0,3D/H,,vaughan01
627,Christian Vázquez,34,MIN,AL,0.1,54,173,158,10,30,7,0,2,12,0,1,13,30,.190,.254,.272,.526,45,.250,49,43,2,1,0,1,0,2/H,,vazquch01
628,Luis Vázquez,25,BAL,AL,-0.2,9,13,13,1,1,0,0,0,1,0,0,0,3,.077,.077,.077,.154,-56,.069,-78,1,0,0,0,0,0,/61H5D,,vazqulu01
629,Zac Veen*,23,COL,NL,-0.3,12,37,34,1,4,1,0,1,2,1,1,2,14,.118,.189,.235,.424,14,.183,-1,8,0,1,0,0,0,/79H,,veenza01
630,Alex Verdugo*,29,ATL,NL,-0.2,56,213,197,21,47,10,0,0,12,1,0,14,31,.239,.296,.289,.585,66,.270,64,57,1,2,0,0,0,7/H,,verdual01
631,Mark Vientos,25,NYM,NL,-0.7,71,273,251,22,56,10,2,6,25,0,0,18,66,.223,.278,.351,.629,81,.284,83,88,6,2,0,2,0,5D/H3,,vientma01
632,Matt Vierling,28,DET,AL,-0.2,18,60,50,2,10,1,0,0,5,2,0,7,12,.200,.317,.220,.537,55,.264,55,11,0,2,0,1,0,8/7H59D,,vierlma01
633,Ryan Vilade,26,2TM,NL,-0.1,8,15,13,1,1,0,0,0,0,0,0,2,5,.077,.200,.077,.277,-17,.153,-17,1,1,0,0,0,0,/97HD,,viladry01
634,David Villar,28,SFG,NL,0.0,9,25,20,4,4,1,0,0,1,0,0,4,5,.200,.360,.250,.610,82,.295,91,5,1,1,0,0,0,/3H5D,,villada01
635,Jorbit Vivas*,24,NYY,AL,0.0,27,64,54,6,9,2,0,1,5,0,0,5,13,.167,.274,.259,.533,51,.249,49,14,0,3,0,0,0,45/H,,vivasjo01
636,Anthony Volpe,24,NYY,AL,1.3,100,403,358,42,76,22,3,12,53,10,7,35,94,.212,.284,.391,.675,86,.290,82,140,7,3,1,6,0,*6/H,,volpean01
637,LaMonte Wade Jr.*,31,2TM,2LG,-1.6,76,232,200,18,35,8,2,2,18,1,0,26,54,.175,.278,.265,.543,57,.255,58,53,2,3,2,1,1,39H/D7,,wadela01
638,Tyler Wade*,30,SDP,NL,-0.4,57,125,105,13,22,1,2,0,9,1,2,15,31,.210,.314,.257,.571,63,.267,66,27,0,1,4,0,0,8H7/459D61,,wadety01
639,Eric Wagaman,27,MIA,NL,-1.0,90,360,333,33,78,20,1,5,33,3,1,22,68,.234,.281,.345,.626,73,.284,71,115,10,1,0,4,0,*37/DH59,,wagamer01
640,Will Wagner*,26,TOR,AL,0.0,33,109,93,12,23,7,0,0,6,1,0,13,23,.247,.352,.323,.674,90,.325,102,30,0,2,1,0,0,5/3DH,,wagnewi01
641,Christian Walker,34,HOU,AL,-0.6,95,401,366,39,86,13,1,13,51,1,0,25,108,.235,.294,.383,.677,88,.300,87,140,9,7,0,3,0,*3,,walkech02
642,Jordan Walker,23,STL,NL,-0.9,60,212,196,23,44,7,1,3,25,3,2,13,68,.224,.278,.316,.595,68,.275,71,62,3,2,0,1,0,9/H,,walkejo02
643,Ryan Walker,29,SFG,NL,0.0,1,0,0,0,0,0,0,0,0,0,0,0,0,,,,,,,,0,0,0,0,0,0,1,,walkery01
644,Matt Wallner*,27,MIN,AL,0.4,60,218,189,24,40,10,2,11,19,0,2,25,64,.212,.312,.460,.772,109,.334,112,87,1,3,0,1,0,9D/H,,wallnma01
645,Taylor Walls#,28,TBR,AL,2.3,88,270,239,30,51,8,1,3,33,12,6,24,55,.213,.279,.293,.572,61,.257,57,70,1,0,1,6,0,*6/H45D,,wallsta01
646,Taylor Ward,31,LAA,AL,1.5,99,430,381,56,88,25,2,23,76,2,1,41,115,.231,.305,.488,.793,115,.340,115,186,7,2,0,6,1,*7/D,,wardta01
647,Drew Waters#,26,KCR,AL,-0.3,71,219,206,21,50,6,3,1,14,5,3,11,60,.243,.288,.316,.603,69,.282,76,65,2,2,0,0,0,789/HD,,waterdr01
648,Austin Wells*,25,NYY,AL,0.4,82,305,273,31,59,15,1,14,54,3,1,19,74,.216,.272,.432,.704,93,.302,88,118,8,5,0,8,0,*2/HD,,wellsau01
649,Jordan Westburg,26,BAL,AL,1.0,49,200,187,32,48,6,1,10,21,1,2,10,49,.257,.305,.460,.765,114,.335,120,86,3,3,0,0,0,5D4,,westbjo01
650,Shay Whitcomb,26,HOU,AL,-0.3,14,23,23,3,2,0,0,1,1,0,0,0,8,.087,.087,.217,.304,-19,.166,-10,5,0,0,0,0,0,/4H5D7,,whitcsh01
651,Eli White,31,ATL,NL,0.3,70,190,179,27,43,7,3,4,17,6,1,9,42,.240,.280,.380,.660,84,.303,85,68,2,1,1,0,1,79H/8D,,whiteel04
652,Luke Williams,28,ATL,NL,-0.3,25,19,18,3,2,1,0,0,2,3,0,0,6,.111,.158,.167,.325,-8,.191,-18,3,1,1,0,0,0,6H/1D5,,willilu01
653,Ben Williamson,24,SEA,AL,1.1,77,268,254,35,65,12,0,1,19,3,1,11,62,.256,.289,.315,.604,78,.270,77,80,4,1,2,0,0,*5/H,,willibe03
654,Bryse Wilson,27,CHW,AL,0.0,1,0,0,0,0,0,0,0,0,0,0,0,0,,,,,,,,0,0,0,0,0,0,1,,wilsobr02
655,Jacob Wilson,23,ATH,AL,2.1,92,388,362,46,114,17,0,10,44,5,2,20,30,.315,.357,.445,.801,122,.360,130,161,15,4,1,1,1,*6,AS,wilsoja05
656,Weston Wilson,30,PHI,NL,-0.3,20,42,36,3,7,0,0,1,4,0,0,6,13,.194,.310,.278,.587,64,.299,81,10,1,0,0,0,0,7/H13D,,wilsowe01
657,Will Wilson,26,CLE,AL,-0.4,31,82,69,6,12,4,0,0,1,1,0,7,32,.174,.260,.232,.492,38,.230,28,16,0,1,5,0,0,45/H1D,,wilsowi03
658,Jesse Winker*,31,NYM,NL,0.0,26,81,70,8,16,5,2,1,10,1,0,9,21,.229,.309,.400,.709,104,.306,96,28,1,0,0,2,1,D/H7,,winkeje01
659,Jack Winkler,26,MIA,NL,-0.4,9,11,11,1,1,0,0,0,0,1,0,0,4,.091,.091,.091,.182,-49,.105,-71,1,0,0,0,0,0,/34H6,,winklja01
660,Masyn Winn,23,STL,NL,2.4,90,379,346,57,93,20,0,7,34,6,5,27,66,.269,.325,.387,.713,101,.313,99,134,9,3,1,2,0,*6/H,,winnma01
661,Brett Wisely*,26,SFG,NL,0.3,18,45,40,5,9,3,0,1,9,1,1,3,7,.225,.279,.375,.654,88,.283,86,15,0,0,2,0,0,4/5H6D,,wiselbr01
662,Bobby Witt Jr.,25,KCR,AL,4.4,102,443,403,60,116,33,3,14,56,27,7,31,84,.288,.339,.489,.827,128,.361,128,197,3,3,0,6,6,*6/D,AS,wittbo02
663,Connor Wong,29,BOS,AL,-0.8,36,101,90,6,13,0,0,0,1,1,1,9,24,.144,.228,.144,.372,7,.188,6,13,6,1,0,1,0,2/H3D,,wongco01
664,James Wood*,22,WSN,NL,4.4,100,442,375,61,102,21,0,24,70,14,4,62,123,.272,.376,.520,.896,154,.389,154,195,5,2,0,3,8,*7D,AS,woodja03
665,Gage Workman*,25,2TM,2LG,-0.3,12,17,16,0,3,1,0,0,2,1,0,1,7,.188,.235,.250,.485,41,.230,33,4,0,0,0,0,0,/56HD,,workmga01
666,Austin Wynns,34,2TM,2LG,0.9,37,100,93,11,26,6,0,6,21,0,0,5,28,.280,.313,.538,.851,129,.368,132,50,2,0,1,1,0,2/H3D,,wynnsau01
667,Mike Yastrzemski*,34,SFG,NL,2.2,90,349,303,36,72,14,1,8,28,6,2,43,80,.238,.333,.370,.703,104,.323,109,112,4,1,1,1,4,*9/H1,,yastrmi01
668,Christian Yelich*,33,MIL,NL,1.7,95,403,360,51,94,11,0,19,66,15,5,37,109,.261,.337,.450,.787,121,.349,122,162,4,5,0,1,3,*D7/H,,yelicch01
669,Masataka Yoshida*,31,BOS,AL,-0.1,8,26,25,1,6,2,0,0,1,1,0,0,2,.240,.269,.320,.589,64,.266,55,8,1,1,0,0,0,/D7H,,yoshima02
670,Cole Young*,21,SEA,AL,1.1,39,143,128,14,33,5,0,2,12,0,0,11,30,.258,.324,.344,.668,97,.294,96,44,2,2,1,1,1,4,,youngco01
671,Jacob Young,25,WSN,NL,0.9,76,244,215,24,54,8,1,0,18,10,9,18,32,.251,.318,.298,.615,79,.280,84,64,4,3,8,0,0,*8/HD,,youngja03
672,Jared Young*,29,NYM,NL,-0.1,18,45,41,4,7,1,0,3,5,0,0,2,15,.171,.222,.415,.637,80,.271,74,17,1,1,0,1,0,D/H17,,youngja02
,MLB Average,,,,,,,,,,,,,,,,,,.245,.316,.401,.717,100,.319,100,,,,,,,,,-9999